LapNumber,Driver,Team,LapTime,Position,IsPersonalBest,Compound,TyreLife,Sector1Time,Sector2Time,Sector3Time
1.0,GAS,AlphaTauri,0 days 00:01:59.301000,11.0,False,HARD,1.0,,0 days 00:00:53.392000,0 days 00:00:29.654000
2.0,GAS,AlphaTauri,0 days 00:01:52.409000,9.0,True,HARD,2.0,0 days 00:00:31.997000,0 days 00:00:50.699000,0 days 00:00:29.713000
3.0,GAS,AlphaTauri,0 days 00:01:51.368000,8.0,True,HARD,3.0,0 days 00:00:30.935000,0 days 00:00:50.680000,0 days 00:00:29.753000
4.0,GAS,AlphaTauri,0 days 00:01:51.903000,8.0,False,HARD,4.0,0 days 00:00:31.226000,0 days 00:00:50.977000,0 days 00:00:29.700000
5.0,GAS,AlphaTauri,0 days 00:01:51.803000,8.0,False,HARD,5.0,0 days 00:00:31.110000,0 days 00:00:50.726000,0 days 00:00:29.967000
6.0,GAS,AlphaTauri,0 days 00:01:51.629000,8.0,False,HARD,6.0,0 days 00:00:31.221000,0 days 00:00:50.652000,0 days 00:00:29.756000
7.0,GAS,AlphaTauri,0 days 00:01:51.773000,8.0,False,HARD,7.0,0 days 00:00:31.214000,0 days 00:00:50.766000,0 days 00:00:29.793000
8.0,GAS,AlphaTauri,0 days 00:01:51.915000,8.0,False,HARD,8.0,0 days 00:00:30.924000,0 days 00:00:51.182000,0 days 00:00:29.809000
9.0,GAS,AlphaTauri,0 days 00:01:51.679000,8.0,False,HARD,9.0,0 days 00:00:31.283000,0 days 00:00:50.607000,0 days 00:00:29.789000
10.0,GAS,AlphaTauri,0 days 00:01:52.989000,8.0,False,HARD,10.0,0 days 00:00:31.709000,0 days 00:00:50.035000,0 days 00:00:31.245000
11.0,GAS,AlphaTauri,,7.0,False,HARD,11.0,0 days 00:00:49.969000,0 days 00:01:06.284000,0 days 00:00:35.178000
12.0,GAS,AlphaTauri,,4.0,False,HARD,12.0,0 days 00:00:43.694000,0 days 00:01:20.797000,0 days 00:00:46.024000
13.0,GAS,AlphaTauri,,4.0,False,HARD,13.0,0 days 00:00:44.690000,0 days 00:01:24.637000,0 days 00:00:49.689000
14.0,GAS,AlphaTauri,,4.0,False,HARD,14.0,0 days 00:00:45.680000,0 days 00:01:11.383000,0 days 00:00:46.561000
15.0,GAS,AlphaTauri,0 days 00:01:51.631000,4.0,False,HARD,15.0,0 days 00:00:31.121000,0 days 00:00:50.812000,0 days 00:00:29.698000
16.0,GAS,AlphaTauri,0 days 00:01:50.314000,4.0,True,HARD,16.0,0 days 00:00:31.511000,0 days 00:00:49.286000,0 days 00:00:29.517000
17.0,GAS,AlphaTauri,0 days 00:01:50.343000,4.0,False,HARD,17.0,0 days 00:00:31.576000,0 days 00:00:49.123000,0 days 00:00:29.644000
18.0,GAS,AlphaTauri,0 days 00:01:50.295000,4.0,True,HARD,18.0,0 days 00:00:31.539000,0 days 00:00:49.102000,0 days 00:00:29.654000
19.0,GAS,AlphaTauri,0 days 00:01:50.780000,4.0,False,HARD,19.0,0 days 00:00:31.635000,0 days 00:00:49.499000,0 days 00:00:29.646000
20.0,GAS,AlphaTauri,0 days 00:01:50.575000,4.0,False,HARD,20.0,0 days 00:00:31.573000,0 days 00:00:49.372000,0 days 00:00:29.630000
21.0,GAS,AlphaTauri,0 days 00:01:51.698000,5.0,False,HARD,21.0,0 days 00:00:31.553000,0 days 00:00:50.596000,0 days 00:00:29.549000
22.0,GAS,AlphaTauri,0 days 00:01:50.405000,5.0,False,HARD,22.0,0 days 00:00:31.424000,0 days 00:00:49.362000,0 days 00:00:29.619000
23.0,GAS,AlphaTauri,0 days 00:01:50.498000,5.0,False,HARD,23.0,0 days 00:00:31.515000,0 days 00:00:49.347000,0 days 00:00:29.636000
24.0,GAS,AlphaTauri,0 days 00:01:51.730000,6.0,False,HARD,24.0,0 days 00:00:31.552000,0 days 00:00:50.583000,0 days 00:00:29.595000
25.0,GAS,AlphaTauri,0 days 00:01:50.768000,6.0,False,HARD,25.0,0 days 00:00:31.349000,0 days 00:00:49.671000,0 days 00:00:29.748000
26.0,GAS,AlphaTauri,0 days 00:01:55.857000,10.0,False,HARD,26.0,0 days 00:00:31.463000,0 days 00:00:50.473000,0 days 00:00:33.921000
27.0,GAS,AlphaTauri,0 days 00:02:02.065000,16.0,False,MEDIUM,1.0,0 days 00:00:45.228000,0 days 00:00:47.663000,0 days 00:00:29.174000
28.0,GAS,AlphaTauri,0 days 00:01:48.381000,15.0,True,MEDIUM,2.0,0 days 00:00:31.133000,0 days 00:00:48.093000,0 days 00:00:29.155000
29.0,GAS,AlphaTauri,0 days 00:01:47.839000,14.0,True,MEDIUM,3.0,0 days 00:00:30.744000,0 days 00:00:47.985000,0 days 00:00:29.110000
30.0,GAS,AlphaTauri,0 days 00:01:48.021000,13.0,False,MEDIUM,4.0,0 days 00:00:30.666000,0 days 00:00:48.019000,0 days 00:00:29.336000
31.0,GAS,AlphaTauri,0 days 00:01:48.473000,13.0,False,MEDIUM,5.0,0 days 00:00:31.177000,0 days 00:00:48.117000,0 days 00:00:29.179000
32.0,GAS,AlphaTauri,0 days 00:01:48.603000,12.0,False,MEDIUM,6.0,0 days 00:00:30.778000,0 days 00:00:48.588000,0 days 00:00:29.237000
33.0,GAS,AlphaTauri,0 days 00:01:49.098000,12.0,False,MEDIUM,7.0,0 days 00:00:31.208000,0 days 00:00:48.633000,0 days 00:00:29.257000
34.0,GAS,AlphaTauri,0 days 00:01:48.898000,11.0,False,MEDIUM,8.0,0 days 00:00:31.076000,0 days 00:00:48.558000,0 days 00:00:29.264000
35.0,GAS,AlphaTauri,0 days 00:01:49.862000,11.0,False,MEDIUM,9.0,0 days 00:00:31.129000,0 days 00:00:49.300000,0 days 00:00:29.433000
36.0,GAS,AlphaTauri,0 days 00:01:50.535000,10.0,False,MEDIUM,10.0,0 days 00:00:30.719000,0 days 00:00:50.585000,0 days 00:00:29.231000
37.0,GAS,AlphaTauri,0 days 00:01:48.572000,10.0,False,MEDIUM,11.0,0 days 00:00:31.268000,0 days 00:00:48.041000,0 days 00:00:29.263000
38.0,GAS,AlphaTauri,0 days 00:01:48.626000,10.0,False,MEDIUM,12.0,0 days 00:00:31.116000,0 days 00:00:48.269000,0 days 00:00:29.241000
39.0,GAS,AlphaTauri,0 days 00:01:48.683000,10.0,False,MEDIUM,13.0,0 days 00:00:31.047000,0 days 00:00:48.371000,0 days 00:00:29.265000
40.0,GAS,AlphaTauri,0 days 00:01:48.103000,9.0,False,MEDIUM,14.0,0 days 00:00:30.608000,0 days 00:00:48.251000,0 days 00:00:29.244000
41.0,GAS,AlphaTauri,0 days 00:01:48.360000,9.0,False,MEDIUM,15.0,0 days 00:00:31.260000,0 days 00:00:47.753000,0 days 00:00:29.347000
42.0,GAS,AlphaTauri,0 days 00:01:49.607000,9.0,False,MEDIUM,16.0,0 days 00:00:30.934000,0 days 00:00:49.141000,0 days 00:00:29.532000
43.0,GAS,AlphaTauri,0 days 00:01:47.844000,8.0,False,MEDIUM,17.0,0 days 00:00:30.933000,0 days 00:00:47.697000,0 days 00:00:29.214000
44.0,GAS,AlphaTauri,0 days 00:01:48.313000,8.0,False,MEDIUM,18.0,0 days 00:00:31.274000,0 days 00:00:47.794000,0 days 00:00:29.245000
1.0,PER,Racing Point,0 days 00:01:59.136000,10.0,False,SOFT,4.0,,0 days 00:00:52.928000,0 days 00:00:30.398000
2.0,PER,Racing Point,0 days 00:01:53.617000,10.0,True,SOFT,5.0,0 days 00:00:32.172000,0 days 00:00:51.737000,0 days 00:00:29.708000
3.0,PER,Racing Point,0 days 00:01:52.338000,10.0,True,SOFT,6.0,0 days 00:00:31.194000,0 days 00:00:51.362000,0 days 00:00:29.782000
4.0,PER,Racing Point,0 days 00:01:51.241000,9.0,True,SOFT,7.0,0 days 00:00:31.051000,0 days 00:00:50.354000,0 days 00:00:29.836000
5.0,PER,Racing Point,0 days 00:01:51.689000,9.0,False,SOFT,8.0,0 days 00:00:31.498000,0 days 00:00:50.362000,0 days 00:00:29.829000
6.0,PER,Racing Point,0 days 00:01:51.716000,9.0,False,SOFT,9.0,0 days 00:00:31.424000,0 days 00:00:50.535000,0 days 00:00:29.757000
7.0,PER,Racing Point,0 days 00:01:51.666000,9.0,False,SOFT,10.0,0 days 00:00:31.376000,0 days 00:00:50.603000,0 days 00:00:29.687000
8.0,PER,Racing Point,0 days 00:01:51.890000,9.0,False,SOFT,11.0,0 days 00:00:31.602000,0 days 00:00:50.434000,0 days 00:00:29.854000
9.0,PER,Racing Point,0 days 00:01:51.828000,9.0,False,SOFT,12.0,0 days 00:00:31.670000,0 days 00:00:50.349000,0 days 00:00:29.809000
10.0,PER,Racing Point,0 days 00:01:53.804000,9.0,False,SOFT,13.0,0 days 00:00:31.783000,0 days 00:00:50.043000,0 days 00:00:31.978000
11.0,PER,Racing Point,,9.0,False,SOFT,14.0,0 days 00:00:49.572000,0 days 00:01:07.137000,0 days 00:00:35.169000
12.0,PER,Racing Point,,5.0,False,SOFT,15.0,0 days 00:00:41.818000,0 days 00:01:21.606000,0 days 00:00:45.752000
13.0,PER,Racing Point,,5.0,False,SOFT,16.0,0 days 00:00:44.139000,0 days 00:01:25.036000,0 days 00:00:49.373000
14.0,PER,Racing Point,,5.0,False,SOFT,17.0,0 days 00:00:45.893000,0 days 00:01:11.349000,0 days 00:00:45.862000
15.0,PER,Racing Point,0 days 00:01:52.115000,5.0,False,SOFT,18.0,0 days 00:00:30.948000,0 days 00:00:51.504000,0 days 00:00:29.663000
16.0,PER,Racing Point,0 days 00:01:51.223000,5.0,True,SOFT,19.0,0 days 00:00:31.331000,0 days 00:00:50.274000,0 days 00:00:29.618000
17.0,PER,Racing Point,0 days 00:01:52.654000,7.0,False,SOFT,20.0,0 days 00:00:31.528000,0 days 00:00:51.105000,0 days 00:00:30.021000
18.0,PER,Racing Point,0 days 00:01:55.861000,12.0,False,SOFT,21.0,0 days 00:00:31.238000,0 days 00:00:50.495000,0 days 00:00:34.128000
19.0,PER,Racing Point,0 days 00:02:02.109000,17.0,False,HARD,1.0,0 days 00:00:46.060000,0 days 00:00:46.952000,0 days 00:00:29.097000
20.0,PER,Racing Point,0 days 00:01:48.389000,17.0,True,HARD,2.0,0 days 00:00:31.426000,0 days 00:00:47.604000,0 days 00:00:29.359000
21.0,PER,Racing Point,0 days 00:01:48.855000,17.0,False,HARD,3.0,0 days 00:00:31.263000,0 days 00:00:48.108000,0 days 00:00:29.484000
22.0,PER,Racing Point,0 days 00:01:50.225000,17.0,False,HARD,4.0,0 days 00:00:31.221000,0 days 00:00:49.501000,0 days 00:00:29.503000
23.0,PER,Racing Point,0 days 00:01:49.702000,16.0,False,HARD,5.0,0 days 00:00:31.155000,0 days 00:00:48.953000,0 days 00:00:29.594000
24.0,PER,Racing Point,0 days 00:01:48.885000,14.0,False,HARD,6.0,0 days 00:00:31.074000,0 days 00:00:48.444000,0 days 00:00:29.367000
25.0,PER,Racing Point,0 days 00:01:50.529000,14.0,False,HARD,7.0,0 days 00:00:30.887000,0 days 00:00:50.106000,0 days 00:00:29.536000
26.0,PER,Racing Point,0 days 00:01:48.541000,13.0,False,HARD,8.0,0 days 00:00:30.697000,0 days 00:00:48.365000,0 days 00:00:29.479000
27.0,PER,Racing Point,0 days 00:01:48.984000,12.0,False,HARD,9.0,0 days 00:00:31.403000,0 days 00:00:48.114000,0 days 00:00:29.467000
28.0,PER,Racing Point,0 days 00:01:49.793000,12.0,False,HARD,10.0,0 days 00:00:31.338000,0 days 00:00:49.014000,0 days 00:00:29.441000
29.0,PER,Racing Point,0 days 00:01:48.995000,11.0,False,HARD,11.0,0 days 00:00:30.922000,0 days 00:00:48.583000,0 days 00:00:29.490000
30.0,PER,Racing Point,0 days 00:01:49.151000,11.0,False,HARD,12.0,0 days 00:00:31.442000,0 days 00:00:48.295000,0 days 00:00:29.414000
31.0,PER,Racing Point,0 days 00:01:49.725000,11.0,False,HARD,13.0,0 days 00:00:31.360000,0 days 00:00:48.880000,0 days 00:00:29.485000
32.0,PER,Racing Point,0 days 00:01:50.143000,11.0,False,HARD,14.0,0 days 00:00:31.511000,0 days 00:00:48.940000,0 days 00:00:29.692000
33.0,PER,Racing Point,0 days 00:01:49.305000,10.0,False,HARD,15.0,0 days 00:00:30.994000,0 days 00:00:48.732000,0 days 00:00:29.579000
34.0,PER,Racing Point,0 days 00:01:49.587000,10.0,False,HARD,16.0,0 days 00:00:31.466000,0 days 00:00:48.717000,0 days 00:00:29.404000
35.0,PER,Racing Point,0 days 00:01:50.483000,10.0,False,HARD,17.0,0 days 00:00:30.965000,0 days 00:00:50.033000,0 days 00:00:29.485000
36.0,PER,Racing Point,0 days 00:01:49.097000,9.0,False,HARD,18.0,0 days 00:00:30.818000,0 days 00:00:48.628000,0 days 00:00:29.651000
37.0,PER,Racing Point,0 days 00:01:48.985000,9.0,False,HARD,19.0,0 days 00:00:31.465000,0 days 00:00:47.937000,0 days 00:00:29.583000
38.0,PER,Racing Point,0 days 00:01:49.119000,9.0,False,HARD,20.0,0 days 00:00:31.599000,0 days 00:00:47.835000,0 days 00:00:29.685000
39.0,PER,Racing Point,0 days 00:01:48.962000,9.0,False,HARD,21.0,0 days 00:00:31.601000,0 days 00:00:47.701000,0 days 00:00:29.660000
40.0,PER,Racing Point,0 days 00:01:50.588000,10.0,False,HARD,22.0,0 days 00:00:31.513000,0 days 00:00:49.670000,0 days 00:00:29.405000
41.0,PER,Racing Point,0 days 00:01:49.004000,10.0,False,HARD,23.0,0 days 00:00:31.233000,0 days 00:00:48.307000,0 days 00:00:29.464000
42.0,PER,Racing Point,0 days 00:01:49.381000,10.0,False,HARD,24.0,0 days 00:00:31.460000,0 days 00:00:48.409000,0 days 00:00:29.512000
43.0,PER,Racing Point,0 days 00:01:49.729000,10.0,False,HARD,25.0,0 days 00:00:31.389000,0 days 00:00:48.685000,0 days 00:00:29.655000
44.0,PER,Racing Point,0 days 00:01:50.190000,10.0,False,HARD,26.0,0 days 00:00:31.199000,0 days 00:00:49.336000,0 days 00:00:29.655000
1.0,LEC,Ferrari,0 days 00:01:58.759000,9.0,False,SOFT,1.0,,0 days 00:00:52.907000,0 days 00:00:29.697000
2.0,LEC,Ferrari,0 days 00:01:52.230000,8.0,True,SOFT,2.0,0 days 00:00:31.883000,0 days 00:00:50.393000,0 days 00:00:29.954000
3.0,LEC,Ferrari,0 days 00:01:53.360000,9.0,False,SOFT,3.0,0 days 00:00:31.862000,0 days 00:00:51.656000,0 days 00:00:29.842000
4.0,LEC,Ferrari,0 days 00:01:53.023000,10.0,False,SOFT,4.0,0 days 00:00:31.992000,0 days 00:00:51.049000,0 days 00:00:29.982000
5.0,LEC,Ferrari,0 days 00:01:52.563000,10.0,False,SOFT,5.0,0 days 00:00:31.975000,0 days 00:00:50.481000,0 days 00:00:30.107000
6.0,LEC,Ferrari,0 days 00:01:54.119000,11.0,False,SOFT,6.0,0 days 00:00:32.293000,0 days 00:00:51.919000,0 days 00:00:29.907000
7.0,LEC,Ferrari,0 days 00:01:53.234000,12.0,False,SOFT,7.0,0 days 00:00:31.885000,0 days 00:00:51.387000,0 days 00:00:29.962000
8.0,LEC,Ferrari,0 days 00:01:51.775000,12.0,True,SOFT,8.0,0 days 00:00:31.649000,0 days 00:00:50.252000,0 days 00:00:29.874000
9.0,LEC,Ferrari,0 days 00:01:52.096000,12.0,False,SOFT,9.0,0 days 00:00:32.057000,0 days 00:00:50.085000,0 days 00:00:29.954000
10.0,LEC,Ferrari,0 days 00:02:01.597000,13.0,False,SOFT,10.0,0 days 00:00:32.169000,0 days 00:00:49.836000,0 days 00:00:39.592000
11.0,LEC,Ferrari,,14.0,False,HARD,1.0,0 days 00:01:03.144000,0 days 00:01:12.490000,0 days 00:00:36.475000
12.0,LEC,Ferrari,,14.0,False,HARD,2.0,0 days 00:00:35.597000,0 days 00:01:10.839000,0 days 00:00:43.668000
13.0,LEC,Ferrari,,14.0,False,HARD,3.0,0 days 00:00:47.581000,0 days 00:01:21.288000,0 days 00:00:50.066000
14.0,LEC,Ferrari,,14.0,False,HARD,4.0,0 days 00:00:47.117000,0 days 00:01:05.807000,0 days 00:00:39.384000
15.0,LEC,Ferrari,0 days 00:01:52.491000,14.0,False,HARD,5.0,0 days 00:00:31.456000,0 days 00:00:51.364000,0 days 00:00:29.671000
16.0,LEC,Ferrari,0 days 00:01:52.219000,14.0,False,HARD,6.0,0 days 00:00:31.667000,0 days 00:00:50.819000,0 days 00:00:29.733000
17.0,LEC,Ferrari,0 days 00:01:51.715000,14.0,True,HARD,7.0,0 days 00:00:31.744000,0 days 00:00:50.293000,0 days 00:00:29.678000
18.0,LEC,Ferrari,0 days 00:01:51.545000,14.0,True,HARD,8.0,0 days 00:00:31.314000,0 days 00:00:50.390000,0 days 00:00:29.841000
19.0,LEC,Ferrari,0 days 00:01:51.290000,13.0,True,HARD,9.0,0 days 00:00:30.825000,0 days 00:00:50.844000,0 days 00:00:29.621000
20.0,LEC,Ferrari,0 days 00:01:50.753000,13.0,True,HARD,10.0,0 days 00:00:31.500000,0 days 00:00:49.751000,0 days 00:00:29.502000
21.0,LEC,Ferrari,0 days 00:01:50.616000,13.0,True,HARD,11.0,0 days 00:00:31.536000,0 days 00:00:49.546000,0 days 00:00:29.534000
22.0,LEC,Ferrari,0 days 00:01:50.653000,13.0,False,HARD,12.0,0 days 00:00:31.516000,0 days 00:00:49.480000,0 days 00:00:29.657000
23.0,LEC,Ferrari,0 days 00:01:50.288000,13.0,True,HARD,13.0,0 days 00:00:31.595000,0 days 00:00:49.110000,0 days 00:00:29.583000
24.0,LEC,Ferrari,0 days 00:01:54.858000,15.0,False,HARD,14.0,0 days 00:00:31.623000,0 days 00:00:49.436000,0 days 00:00:33.799000
25.0,LEC,Ferrari,0 days 00:02:05.467000,17.0,False,MEDIUM,1.0,0 days 00:00:49.073000,0 days 00:00:47.176000,0 days 00:00:29.218000
26.0,LEC,Ferrari,0 days 00:01:47.840000,17.0,True,MEDIUM,2.0,0 days 00:00:31.536000,0 days 00:00:47.058000,0 days 00:00:29.246000
27.0,LEC,Ferrari,0 days 00:01:48.459000,17.0,False,MEDIUM,3.0,0 days 00:00:31.612000,0 days 00:00:47.451000,0 days 00:00:29.396000
28.0,LEC,Ferrari,0 days 00:01:49.070000,17.0,False,MEDIUM,4.0,0 days 00:00:31.705000,0 days 00:00:47.858000,0 days 00:00:29.507000
29.0,LEC,Ferrari,0 days 00:01:49.103000,17.0,False,MEDIUM,5.0,0 days 00:00:31.837000,0 days 00:00:47.705000,0 days 00:00:29.561000
30.0,LEC,Ferrari,0 days 00:01:50.166000,16.0,False,MEDIUM,6.0,0 days 00:00:31.902000,0 days 00:00:48.133000,0 days 00:00:30.131000
31.0,LEC,Ferrari,0 days 00:01:49.341000,16.0,False,MEDIUM,7.0,0 days 00:00:31.950000,0 days 00:00:47.941000,0 days 00:00:29.450000
32.0,LEC,Ferrari,0 days 00:01:49.389000,16.0,False,MEDIUM,8.0,0 days 00:00:31.903000,0 days 00:00:47.969000,0 days 00:00:29.517000
33.0,LEC,Ferrari,0 days 00:01:49.322000,16.0,False,MEDIUM,9.0,0 days 00:00:31.783000,0 days 00:00:48.040000,0 days 00:00:29.499000
34.0,LEC,Ferrari,0 days 00:01:49.895000,16.0,False,MEDIUM,10.0,0 days 00:00:31.533000,0 days 00:00:48.743000,0 days 00:00:29.619000
35.0,LEC,Ferrari,0 days 00:01:49.358000,15.0,False,MEDIUM,11.0,0 days 00:00:31.326000,0 days 00:00:48.514000,0 days 00:00:29.518000
36.0,LEC,Ferrari,0 days 00:01:49.726000,15.0,False,MEDIUM,12.0,0 days 00:00:31.843000,0 days 00:00:48.220000,0 days 00:00:29.663000
37.0,LEC,Ferrari,0 days 00:01:49.559000,15.0,False,MEDIUM,13.0,0 days 00:00:31.730000,0 days 00:00:48.330000,0 days 00:00:29.499000
38.0,LEC,Ferrari,0 days 00:01:50.100000,15.0,False,MEDIUM,14.0,0 days 00:00:31.648000,0 days 00:00:48.995000,0 days 00:00:29.457000
39.0,LEC,Ferrari,0 days 00:01:50.907000,15.0,False,MEDIUM,15.0,0 days 00:00:31.489000,0 days 00:00:49.816000,0 days 00:00:29.602000
40.0,LEC,Ferrari,0 days 00:01:50.846000,15.0,False,MEDIUM,16.0,0 days 00:00:31.651000,0 days 00:00:49.503000,0 days 00:00:29.692000
41.0,LEC,Ferrari,0 days 00:01:51.229000,15.0,False,MEDIUM,17.0,0 days 00:00:31.773000,0 days 00:00:49.906000,0 days 00:00:29.550000
42.0,LEC,Ferrari,0 days 00:01:50.279000,15.0,False,MEDIUM,18.0,0 days 00:00:31.777000,0 days 00:00:48.934000,0 days 00:00:29.568000
43.0,LEC,Ferrari,0 days 00:01:50.950000,15.0,False,MEDIUM,19.0,0 days 00:00:31.590000,0 days 00:00:49.841000,0 days 00:00:29.519000
44.0,LEC,Ferrari,0 days 00:01:50.035000,14.0,False,MEDIUM,20.0,0 days 00:00:31.451000,0 days 00:00:48.674000,0 days 00:00:29.910000
1.0,STR,Racing Point,0 days 00:01:58.071000,8.0,False,SOFT,4.0,,0 days 00:00:52.732000,0 days 00:00:29.909000
2.0,STR,Racing Point,0 days 00:01:52.145000,7.0,True,SOFT,5.0,0 days 00:00:31.574000,0 days 00:00:50.801000,0 days 00:00:29.770000
3.0,STR,Racing Point,0 days 00:01:51.977000,7.0,True,SOFT,6.0,0 days 00:00:31.404000,0 days 00:00:50.701000,0 days 00:00:29.872000
4.0,STR,Racing Point,0 days 00:01:52.005000,7.0,False,SOFT,7.0,0 days 00:00:31.641000,0 days 00:00:50.549000,0 days 00:00:29.815000
5.0,STR,Racing Point,0 days 00:01:51.696000,7.0,True,SOFT,8.0,0 days 00:00:31.529000,0 days 00:00:50.290000,0 days 00:00:29.877000
6.0,STR,Racing Point,0 days 00:01:51.637000,7.0,True,SOFT,9.0,0 days 00:00:31.659000,0 days 00:00:50.096000,0 days 00:00:29.882000
7.0,STR,Racing Point,0 days 00:01:51.826000,7.0,False,SOFT,10.0,0 days 00:00:31.711000,0 days 00:00:50.177000,0 days 00:00:29.938000
8.0,STR,Racing Point,0 days 00:01:51.796000,7.0,False,SOFT,11.0,0 days 00:00:31.675000,0 days 00:00:50.319000,0 days 00:00:29.802000
9.0,STR,Racing Point,0 days 00:01:51.503000,7.0,True,SOFT,12.0,0 days 00:00:31.692000,0 days 00:00:50.060000,0 days 00:00:29.751000
10.0,STR,Racing Point,0 days 00:01:51.683000,7.0,False,SOFT,13.0,0 days 00:00:31.839000,0 days 00:00:49.766000,0 days 00:00:30.078000
11.0,STR,Racing Point,,8.0,False,SOFT,14.0,0 days 00:00:51.631000,0 days 00:01:04.514000,0 days 00:00:40.203000
12.0,STR,Racing Point,,9.0,False,HARD,1.0,0 days 00:00:54.029000,0 days 00:01:17.019000,0 days 00:00:44.322000
13.0,STR,Racing Point,,9.0,False,HARD,2.0,0 days 00:00:44.361000,0 days 00:01:24.901000,0 days 00:00:49.286000
14.0,STR,Racing Point,,9.0,False,HARD,3.0,0 days 00:00:46.269000,0 days 00:01:09.135000,0 days 00:00:43.582000
15.0,STR,Racing Point,0 days 00:01:52.439000,9.0,False,HARD,4.0,0 days 00:00:31.390000,0 days 00:00:51.414000,0 days 00:00:29.635000
16.0,STR,Racing Point,0 days 00:01:51.762000,9.0,False,HARD,5.0,0 days 00:00:31.304000,0 days 00:00:50.695000,0 days 00:00:29.763000
17.0,STR,Racing Point,0 days 00:01:51.489000,9.0,True,HARD,6.0,0 days 00:00:31.270000,0 days 00:00:50.519000,0 days 00:00:29.700000
18.0,STR,Racing Point,0 days 00:01:51.253000,8.0,True,HARD,7.0,0 days 00:00:31.063000,0 days 00:00:50.560000,0 days 00:00:29.630000
19.0,STR,Racing Point,0 days 00:01:50.002000,8.0,True,HARD,8.0,0 days 00:00:30.943000,0 days 00:00:49.497000,0 days 00:00:29.562000
20.0,STR,Racing Point,0 days 00:01:50.005000,8.0,False,HARD,9.0,0 days 00:00:31.407000,0 days 00:00:49.083000,0 days 00:00:29.515000
21.0,STR,Racing Point,0 days 00:01:50.262000,8.0,False,HARD,10.0,0 days 00:00:31.455000,0 days 00:00:49.067000,0 days 00:00:29.740000
22.0,STR,Racing Point,0 days 00:01:50.217000,8.0,False,HARD,11.0,0 days 00:00:31.453000,0 days 00:00:49.070000,0 days 00:00:29.694000
23.0,STR,Racing Point,0 days 00:01:50.319000,8.0,False,HARD,12.0,0 days 00:00:31.508000,0 days 00:00:49.269000,0 days 00:00:29.542000
24.0,STR,Racing Point,0 days 00:01:50.513000,8.0,False,HARD,13.0,0 days 00:00:31.487000,0 days 00:00:49.378000,0 days 00:00:29.648000
25.0,STR,Racing Point,0 days 00:01:50.466000,8.0,False,HARD,14.0,0 days 00:00:31.298000,0 days 00:00:49.462000,0 days 00:00:29.706000
26.0,STR,Racing Point,0 days 00:01:50.443000,7.0,False,HARD,15.0,0 days 00:00:31.381000,0 days 00:00:49.575000,0 days 00:00:29.487000
27.0,STR,Racing Point,0 days 00:01:49.432000,7.0,True,HARD,16.0,0 days 00:00:31.536000,0 days 00:00:48.341000,0 days 00:00:29.555000
28.0,STR,Racing Point,0 days 00:01:49.176000,7.0,True,HARD,17.0,0 days 00:00:31.507000,0 days 00:00:48.181000,0 days 00:00:29.488000
29.0,STR,Racing Point,0 days 00:01:49.381000,7.0,False,HARD,18.0,0 days 00:00:31.540000,0 days 00:00:48.269000,0 days 00:00:29.572000
30.0,STR,Racing Point,0 days 00:01:49.300000,7.0,False,HARD,19.0,0 days 00:00:31.569000,0 days 00:00:48.148000,0 days 00:00:29.583000
31.0,STR,Racing Point,0 days 00:01:49.181000,7.0,False,HARD,20.0,0 days 00:00:31.629000,0 days 00:00:48.006000,0 days 00:00:29.546000
32.0,STR,Racing Point,0 days 00:01:49.301000,7.0,False,HARD,21.0,0 days 00:00:31.740000,0 days 00:00:48.038000,0 days 00:00:29.523000
33.0,STR,Racing Point,0 days 00:01:49.427000,7.0,False,HARD,22.0,0 days 00:00:31.700000,0 days 00:00:48.197000,0 days 00:00:29.530000
34.0,STR,Racing Point,0 days 00:01:49.136000,7.0,True,HARD,23.0,0 days 00:00:31.586000,0 days 00:00:48.197000,0 days 00:00:29.353000
35.0,STR,Racing Point,0 days 00:01:49.829000,7.0,False,HARD,24.0,0 days 00:00:31.682000,0 days 00:00:48.455000,0 days 00:00:29.692000
36.0,STR,Racing Point,0 days 00:01:49.673000,7.0,False,HARD,25.0,0 days 00:00:31.507000,0 days 00:00:48.383000,0 days 00:00:29.783000
37.0,STR,Racing Point,0 days 00:01:51.554000,8.0,False,HARD,26.0,0 days 00:00:31.592000,0 days 00:00:50.312000,0 days 00:00:29.650000
38.0,STR,Racing Point,0 days 00:01:50.321000,8.0,False,HARD,27.0,0 days 00:00:31.646000,0 days 00:00:48.888000,0 days 00:00:29.787000
39.0,STR,Racing Point,0 days 00:01:49.843000,8.0,False,HARD,28.0,0 days 00:00:31.556000,0 days 00:00:48.703000,0 days 00:00:29.584000
40.0,STR,Racing Point,0 days 00:01:50.217000,8.0,False,HARD,29.0,0 days 00:00:31.772000,0 days 00:00:48.828000,0 days 00:00:29.617000
41.0,STR,Racing Point,0 days 00:01:50.472000,8.0,False,HARD,30.0,0 days 00:00:31.741000,0 days 00:00:48.713000,0 days 00:00:30.018000
42.0,STR,Racing Point,0 days 00:01:50.413000,8.0,False,HARD,31.0,0 days 00:00:31.889000,0 days 00:00:48.720000,0 days 00:00:29.804000
43.0,STR,Racing Point,0 days 00:01:51.217000,9.0,False,HARD,32.0,0 days 00:00:31.655000,0 days 00:00:49.929000,0 days 00:00:29.633000
44.0,STR,Racing Point,0 days 00:01:50.730000,9.0,False,HARD,33.0,0 days 00:00:31.640000,0 days 00:00:49.127000,0 days 00:00:29.963000
1.0,MAG,Haas F1 Team,0 days 00:02:02.660000,16.0,False,MEDIUM,1.0,,0 days 00:00:54.939000,0 days 00:00:30.237000
2.0,MAG,Haas F1 Team,0 days 00:01:54.097000,15.0,True,MEDIUM,2.0,0 days 00:00:31.981000,0 days 00:00:51.881000,0 days 00:00:30.235000
3.0,MAG,Haas F1 Team,0 days 00:01:53.189000,15.0,True,MEDIUM,3.0,0 days 00:00:31.629000,0 days 00:00:51.306000,0 days 00:00:30.254000
4.0,MAG,Haas F1 Team,0 days 00:01:53.545000,16.0,False,MEDIUM,4.0,0 days 00:00:31.995000,0 days 00:00:51.394000,0 days 00:00:30.156000
5.0,MAG,Haas F1 Team,0 days 00:01:53.949000,17.0,False,MEDIUM,5.0,0 days 00:00:31.916000,0 days 00:00:51.797000,0 days 00:00:30.236000
6.0,MAG,Haas F1 Team,0 days 00:01:54.256000,18.0,False,MEDIUM,6.0,0 days 00:00:32.152000,0 days 00:00:51.794000,0 days 00:00:30.310000
7.0,MAG,Haas F1 Team,0 days 00:01:52.909000,18.0,True,MEDIUM,7.0,0 days 00:00:32.090000,0 days 00:00:50.592000,0 days 00:00:30.227000
8.0,MAG,Haas F1 Team,0 days 00:01:52.811000,18.0,True,MEDIUM,8.0,0 days 00:00:32.144000,0 days 00:00:50.458000,0 days 00:00:30.209000
9.0,MAG,Haas F1 Team,0 days 00:01:52.271000,18.0,True,MEDIUM,9.0,0 days 00:00:32.253000,0 days 00:00:49.953000,0 days 00:00:30.065000
10.0,MAG,Haas F1 Team,0 days 00:02:09.681000,16.0,False,MEDIUM,10.0,0 days 00:00:32.184000,0 days 00:00:51.965000,0 days 00:00:45.532000
11.0,MAG,Haas F1 Team,,16.0,False,HARD,1.0,0 days 00:00:56.727000,0 days 00:01:14.090000,0 days 00:00:36.044000
12.0,MAG,Haas F1 Team,0 days 00:02:25.100000,16.0,False,HARD,2.0,0 days 00:00:34.528000,0 days 00:01:06.326000,0 days 00:00:44.246000
13.0,MAG,Haas F1 Team,,16.0,False,HARD,3.0,0 days 00:00:45.186000,0 days 00:01:23.847000,0 days 00:00:48.360000
14.0,MAG,Haas F1 Team,0 days 00:02:28.272000,16.0,False,HARD,4.0,0 days 00:00:46.472000,0 days 00:01:02.514000,0 days 00:00:39.286000
15.0,MAG,Haas F1 Team,0 days 00:01:52.833000,16.0,False,HARD,5.0,0 days 00:00:31.521000,0 days 00:00:51.402000,0 days 00:00:29.910000
16.0,MAG,Haas F1 Team,0 days 00:01:52.304000,16.0,False,HARD,6.0,0 days 00:00:31.872000,0 days 00:00:50.666000,0 days 00:00:29.766000
17.0,MAG,Haas F1 Team,0 days 00:01:52.261000,16.0,True,HARD,7.0,0 days 00:00:31.704000,0 days 00:00:50.673000,0 days 00:00:29.884000
18.0,MAG,Haas F1 Team,0 days 00:01:51.576000,16.0,True,HARD,8.0,0 days 00:00:31.653000,0 days 00:00:49.993000,0 days 00:00:29.930000
19.0,MAG,Haas F1 Team,0 days 00:01:51.389000,15.0,True,HARD,9.0,0 days 00:00:31.643000,0 days 00:00:49.813000,0 days 00:00:29.933000
20.0,MAG,Haas F1 Team,0 days 00:01:51.275000,15.0,True,HARD,10.0,0 days 00:00:31.837000,0 days 00:00:49.580000,0 days 00:00:29.858000
21.0,MAG,Haas F1 Team,0 days 00:01:51.443000,15.0,False,HARD,11.0,0 days 00:00:31.884000,0 days 00:00:49.645000,0 days 00:00:29.914000
22.0,MAG,Haas F1 Team,0 days 00:01:51.003000,15.0,True,HARD,12.0,0 days 00:00:31.910000,0 days 00:00:49.121000,0 days 00:00:29.972000
23.0,MAG,Haas F1 Team,0 days 00:01:51.007000,15.0,False,HARD,13.0,0 days 00:00:31.956000,0 days 00:00:49.197000,0 days 00:00:29.854000
24.0,MAG,Haas F1 Team,0 days 00:01:51.552000,16.0,False,HARD,14.0,0 days 00:00:31.952000,0 days 00:00:49.879000,0 days 00:00:29.721000
25.0,MAG,Haas F1 Team,0 days 00:01:50.656000,15.0,True,HARD,15.0,0 days 00:00:31.841000,0 days 00:00:48.981000,0 days 00:00:29.834000
26.0,MAG,Haas F1 Team,0 days 00:01:50.541000,15.0,True,HARD,16.0,0 days 00:00:31.819000,0 days 00:00:48.925000,0 days 00:00:29.797000
27.0,MAG,Haas F1 Team,0 days 00:01:50.382000,14.0,True,HARD,17.0,0 days 00:00:31.901000,0 days 00:00:48.655000,0 days 00:00:29.826000
28.0,MAG,Haas F1 Team,0 days 00:01:50.362000,14.0,True,HARD,18.0,0 days 00:00:31.914000,0 days 00:00:48.608000,0 days 00:00:29.840000
29.0,MAG,Haas F1 Team,0 days 00:01:51.327000,15.0,False,HARD,19.0,0 days 00:00:31.978000,0 days 00:00:49.502000,0 days 00:00:29.847000
30.0,MAG,Haas F1 Team,0 days 00:01:50.469000,15.0,False,HARD,20.0,0 days 00:00:31.993000,0 days 00:00:48.616000,0 days 00:00:29.860000
31.0,MAG,Haas F1 Team,0 days 00:01:50.402000,15.0,False,HARD,21.0,0 days 00:00:32.009000,0 days 00:00:48.651000,0 days 00:00:29.742000
32.0,MAG,Haas F1 Team,0 days 00:01:50.489000,15.0,False,HARD,22.0,0 days 00:00:31.976000,0 days 00:00:48.648000,0 days 00:00:29.865000
33.0,MAG,Haas F1 Team,0 days 00:01:51.086000,15.0,False,HARD,23.0,0 days 00:00:32.059000,0 days 00:00:48.810000,0 days 00:00:30.217000
34.0,MAG,Haas F1 Team,0 days 00:01:50.589000,15.0,False,HARD,24.0,0 days 00:00:31.998000,0 days 00:00:48.759000,0 days 00:00:29.832000
35.0,MAG,Haas F1 Team,0 days 00:01:56.047000,16.0,False,HARD,25.0,0 days 00:00:32.023000,0 days 00:00:50.126000,0 days 00:00:33.898000
36.0,MAG,Haas F1 Team,0 days 00:02:04.365000,17.0,False,SOFT,1.0,0 days 00:00:47.499000,0 days 00:00:47.428000,0 days 00:00:29.438000
37.0,MAG,Haas F1 Team,0 days 00:01:48.083000,17.0,True,SOFT,2.0,0 days 00:00:31.658000,0 days 00:00:46.974000,0 days 00:00:29.451000
38.0,MAG,Haas F1 Team,0 days 00:01:48.525000,17.0,False,SOFT,3.0,0 days 00:00:31.675000,0 days 00:00:47.339000,0 days 00:00:29.511000
39.0,MAG,Haas F1 Team,0 days 00:01:49.428000,17.0,False,SOFT,4.0,0 days 00:00:31.958000,0 days 00:00:47.833000,0 days 00:00:29.637000
40.0,MAG,Haas F1 Team,0 days 00:01:49.913000,17.0,False,SOFT,5.0,0 days 00:00:31.895000,0 days 00:00:48.072000,0 days 00:00:29.946000
41.0,MAG,Haas F1 Team,0 days 00:01:49.237000,17.0,False,SOFT,6.0,0 days 00:00:31.897000,0 days 00:00:47.754000,0 days 00:00:29.586000
42.0,MAG,Haas F1 Team,0 days 00:01:49.282000,17.0,False,SOFT,7.0,0 days 00:00:31.878000,0 days 00:00:47.805000,0 days 00:00:29.599000
43.0,MAG,Haas F1 Team,0 days 00:01:49.559000,17.0,False,SOFT,8.0,0 days 00:00:31.935000,0 days 00:00:48.026000,0 days 00:00:29.598000
44.0,MAG,Haas F1 Team,0 days 00:01:49.922000,17.0,False,SOFT,9.0,0 days 00:00:31.913000,0 days 00:00:48.010000,0 days 00:00:29.999000
1.0,ALB,Red Bull Racing,0 days 00:01:57.297000,7.0,False,SOFT,4.0,,0 days 00:00:52.414000,0 days 00:00:29.861000
2.0,ALB,Red Bull Racing,0 days 00:01:51.996000,6.0,True,SOFT,5.0,0 days 00:00:31.691000,0 days 00:00:50.494000,0 days 00:00:29.811000
3.0,ALB,Red Bull Racing,0 days 00:01:51.516000,6.0,True,SOFT,6.0,0 days 00:00:31.545000,0 days 00:00:50.127000,0 days 00:00:29.844000
4.0,ALB,Red Bull Racing,0 days 00:01:51.761000,6.0,False,SOFT,7.0,0 days 00:00:31.352000,0 days 00:00:50.608000,0 days 00:00:29.801000
5.0,ALB,Red Bull Racing,0 days 00:01:51.417000,6.0,True,SOFT,8.0,0 days 00:00:31.483000,0 days 00:00:50.122000,0 days 00:00:29.812000
6.0,ALB,Red Bull Racing,0 days 00:01:51.529000,6.0,False,SOFT,9.0,0 days 00:00:31.538000,0 days 00:00:50.115000,0 days 00:00:29.876000
7.0,ALB,Red Bull Racing,0 days 00:01:51.545000,6.0,False,SOFT,10.0,0 days 00:00:31.976000,0 days 00:00:49.819000,0 days 00:00:29.750000
8.0,ALB,Red Bull Racing,0 days 00:01:51.306000,6.0,True,SOFT,11.0,0 days 00:00:31.835000,0 days 00:00:49.713000,0 days 00:00:29.758000
9.0,ALB,Red Bull Racing,0 days 00:01:50.937000,6.0,True,SOFT,12.0,0 days 00:00:31.708000,0 days 00:00:49.543000,0 days 00:00:29.686000
10.0,ALB,Red Bull Racing,0 days 00:01:50.901000,6.0,True,SOFT,13.0,0 days 00:00:31.879000,0 days 00:00:49.315000,0 days 00:00:29.707000
11.0,ALB,Red Bull Racing,,6.0,False,SOFT,14.0,0 days 00:00:54.655000,0 days 00:01:03.533000,0 days 00:00:39.493000
12.0,ALB,Red Bull Racing,,7.0,False,MEDIUM,1.0,0 days 00:00:52.934000,0 days 00:01:17.793000,0 days 00:00:44.185000
13.0,ALB,Red Bull Racing,,7.0,False,MEDIUM,2.0,0 days 00:00:45.410000,0 days 00:01:24.993000,0 days 00:00:48.389000
14.0,ALB,Red Bull Racing,,7.0,False,MEDIUM,3.0,0 days 00:00:46.180000,0 days 00:01:10.490000,0 days 00:00:44.390000
15.0,ALB,Red Bull Racing,0 days 00:01:52.032000,7.0,False,MEDIUM,4.0,0 days 00:00:31.098000,0 days 00:00:51.397000,0 days 00:00:29.537000
16.0,ALB,Red Bull Racing,0 days 00:01:51.343000,7.0,False,MEDIUM,5.0,0 days 00:00:31.138000,0 days 00:00:50.739000,0 days 00:00:29.466000
17.0,ALB,Red Bull Racing,0 days 00:01:51.224000,6.0,False,MEDIUM,6.0,0 days 00:00:31.537000,0 days 00:00:50.538000,0 days 00:00:29.149000
18.0,ALB,Red Bull Racing,0 days 00:01:49.565000,6.0,True,MEDIUM,7.0,0 days 00:00:31.432000,0 days 00:00:48.648000,0 days 00:00:29.485000
19.0,ALB,Red Bull Racing,0 days 00:01:49.742000,6.0,False,MEDIUM,8.0,0 days 00:00:31.495000,0 days 00:00:48.722000,0 days 00:00:29.525000
20.0,ALB,Red Bull Racing,0 days 00:01:50.213000,6.0,False,MEDIUM,9.0,0 days 00:00:31.491000,0 days 00:00:49.295000,0 days 00:00:29.427000
21.0,ALB,Red Bull Racing,0 days 00:01:51.196000,6.0,False,MEDIUM,10.0,0 days 00:00:31.486000,0 days 00:00:50.081000,0 days 00:00:29.629000
22.0,ALB,Red Bull Racing,0 days 00:01:50.221000,6.0,False,MEDIUM,11.0,0 days 00:00:31.191000,0 days 00:00:49.475000,0 days 00:00:29.555000
23.0,ALB,Red Bull Racing,0 days 00:01:50.320000,6.0,False,MEDIUM,12.0,0 days 00:00:31.100000,0 days 00:00:49.785000,0 days 00:00:29.435000
24.0,ALB,Red Bull Racing,0 days 00:01:48.940000,5.0,True,MEDIUM,13.0,0 days 00:00:30.896000,0 days 00:00:48.444000,0 days 00:00:29.600000
25.0,ALB,Red Bull Racing,0 days 00:01:49.182000,5.0,False,MEDIUM,14.0,0 days 00:00:31.611000,0 days 00:00:47.920000,0 days 00:00:29.651000
26.0,ALB,Red Bull Racing,0 days 00:01:48.792000,5.0,True,MEDIUM,15.0,0 days 00:00:31.545000,0 days 00:00:47.806000,0 days 00:00:29.441000
27.0,ALB,Red Bull Racing,0 days 00:01:48.736000,5.0,True,MEDIUM,16.0,0 days 00:00:31.537000,0 days 00:00:47.806000,0 days 00:00:29.393000
28.0,ALB,Red Bull Racing,0 days 00:01:49.062000,5.0,False,MEDIUM,17.0,0 days 00:00:31.573000,0 days 00:00:47.920000,0 days 00:00:29.569000
29.0,ALB,Red Bull Racing,0 days 00:01:48.784000,5.0,False,MEDIUM,18.0,0 days 00:00:31.605000,0 days 00:00:47.689000,0 days 00:00:29.490000
30.0,ALB,Red Bull Racing,0 days 00:01:49.158000,5.0,False,MEDIUM,19.0,0 days 00:00:31.604000,0 days 00:00:48.024000,0 days 00:00:29.530000
31.0,ALB,Red Bull Racing,0 days 00:01:49.192000,5.0,False,MEDIUM,20.0,0 days 00:00:31.645000,0 days 00:00:48.015000,0 days 00:00:29.532000
32.0,ALB,Red Bull Racing,0 days 00:01:49.282000,5.0,False,MEDIUM,21.0,0 days 00:00:31.708000,0 days 00:00:48.042000,0 days 00:00:29.532000
33.0,ALB,Red Bull Racing,0 days 00:01:49.710000,5.0,False,MEDIUM,22.0,0 days 00:00:31.704000,0 days 00:00:48.356000,0 days 00:00:29.650000
34.0,ALB,Red Bull Racing,0 days 00:01:49.619000,5.0,False,MEDIUM,23.0,0 days 00:00:31.780000,0 days 00:00:48.295000,0 days 00:00:29.544000
35.0,ALB,Red Bull Racing,0 days 00:01:50.017000,5.0,False,MEDIUM,24.0,0 days 00:00:31.808000,0 days 00:00:48.536000,0 days 00:00:29.673000
36.0,ALB,Red Bull Racing,0 days 00:01:49.956000,5.0,False,MEDIUM,25.0,0 days 00:00:31.735000,0 days 00:00:48.475000,0 days 00:00:29.746000
37.0,ALB,Red Bull Racing,0 days 00:01:49.964000,5.0,False,MEDIUM,26.0,0 days 00:00:31.732000,0 days 00:00:48.471000,0 days 00:00:29.761000
38.0,ALB,Red Bull Racing,0 days 00:01:50.184000,5.0,False,MEDIUM,27.0,0 days 00:00:31.805000,0 days 00:00:48.486000,0 days 00:00:29.893000
39.0,ALB,Red Bull Racing,0 days 00:01:49.985000,5.0,False,MEDIUM,28.0,0 days 00:00:31.838000,0 days 00:00:48.285000,0 days 00:00:29.862000
40.0,ALB,Red Bull Racing,0 days 00:01:50.375000,5.0,False,MEDIUM,29.0,0 days 00:00:31.787000,0 days 00:00:48.768000,0 days 00:00:29.820000
41.0,ALB,Red Bull Racing,0 days 00:01:50.139000,5.0,False,MEDIUM,30.0,0 days 00:00:31.702000,0 days 00:00:48.536000,0 days 00:00:29.901000
42.0,ALB,Red Bull Racing,0 days 00:01:50.257000,5.0,False,MEDIUM,31.0,0 days 00:00:31.756000,0 days 00:00:48.736000,0 days 00:00:29.765000
43.0,ALB,Red Bull Racing,0 days 00:01:50.174000,5.0,False,MEDIUM,32.0,0 days 00:00:31.828000,0 days 00:00:48.702000,0 days 00:00:29.644000
44.0,ALB,Red Bull Racing,0 days 00:01:51.459000,6.0,False,MEDIUM,33.0,0 days 00:00:31.752000,0 days 00:00:49.925000,0 days 00:00:29.782000
1.0,KVY,AlphaTauri,0 days 00:02:00.948000,13.0,False,MEDIUM,1.0,,0 days 00:00:54.580000,0 days 00:00:29.900000
2.0,KVY,AlphaTauri,0 days 00:01:53.663000,12.0,True,MEDIUM,2.0,0 days 00:00:31.619000,0 days 00:00:52.293000,0 days 00:00:29.751000
3.0,KVY,AlphaTauri,0 days 00:01:52.273000,12.0,True,MEDIUM,3.0,0 days 00:00:31.148000,0 days 00:00:51.379000,0 days 00:00:29.746000
4.0,KVY,AlphaTauri,0 days 00:01:52.397000,12.0,False,MEDIUM,4.0,0 days 00:00:31.145000,0 days 00:00:51.450000,0 days 00:00:29.802000
5.0,KVY,AlphaTauri,0 days 00:01:52.621000,12.0,False,MEDIUM,5.0,0 days 00:00:30.871000,0 days 00:00:51.922000,0 days 00:00:29.828000
6.0,KVY,AlphaTauri,0 days 00:01:52.828000,12.0,False,MEDIUM,6.0,0 days 00:00:31.132000,0 days 00:00:51.839000,0 days 00:00:29.857000
7.0,KVY,AlphaTauri,0 days 00:01:51.580000,11.0,True,MEDIUM,7.0,0 days 00:00:30.977000,0 days 00:00:50.587000,0 days 00:00:30.016000
8.0,KVY,AlphaTauri,0 days 00:01:51.554000,11.0,True,MEDIUM,8.0,0 days 00:00:31.652000,0 days 00:00:50.037000,0 days 00:00:29.865000
9.0,KVY,AlphaTauri,0 days 00:01:51.109000,11.0,True,MEDIUM,9.0,0 days 00:00:31.578000,0 days 00:00:49.798000,0 days 00:00:29.733000
10.0,KVY,AlphaTauri,0 days 00:01:58.144000,11.0,False,MEDIUM,10.0,0 days 00:00:31.820000,0 days 00:00:50.139000,0 days 00:00:36.185000
11.0,KVY,AlphaTauri,,11.0,False,MEDIUM,11.0,0 days 00:00:45.863000,0 days 00:01:10.757000,0 days 00:00:38.462000
12.0,KVY,AlphaTauri,,11.0,False,HARD,1.0,0 days 00:00:51.478000,0 days 00:01:11.250000,0 days 00:00:45.353000
13.0,KVY,AlphaTauri,,11.0,False,HARD,2.0,0 days 00:00:45.284000,0 days 00:01:22.747000,0 days 00:00:50.967000
14.0,KVY,AlphaTauri,,11.0,False,HARD,3.0,0 days 00:00:45.321000,0 days 00:01:07.736000,0 days 00:00:42.270000
15.0,KVY,AlphaTauri,0 days 00:01:52.651000,11.0,False,HARD,4.0,0 days 00:00:31.190000,0 days 00:00:51.864000,0 days 00:00:29.597000
16.0,KVY,AlphaTauri,0 days 00:01:51.957000,11.0,False,HARD,5.0,0 days 00:00:31.329000,0 days 00:00:50.924000,0 days 00:00:29.704000
17.0,KVY,AlphaTauri,0 days 00:01:51.668000,11.0,False,HARD,6.0,0 days 00:00:31.369000,0 days 00:00:50.693000,0 days 00:00:29.606000
18.0,KVY,AlphaTauri,0 days 00:01:51.256000,10.0,False,HARD,7.0,0 days 00:00:30.913000,0 days 00:00:50.839000,0 days 00:00:29.504000
19.0,KVY,AlphaTauri,0 days 00:01:50.687000,10.0,True,HARD,8.0,0 days 00:00:30.833000,0 days 00:00:50.414000,0 days 00:00:29.440000
20.0,KVY,AlphaTauri,0 days 00:01:50.649000,10.0,True,HARD,9.0,0 days 00:00:31.070000,0 days 00:00:50.034000,0 days 00:00:29.545000
21.0,KVY,AlphaTauri,0 days 00:01:50.587000,10.0,True,HARD,10.0,0 days 00:00:31.245000,0 days 00:00:49.750000,0 days 00:00:29.592000
22.0,KVY,AlphaTauri,0 days 00:01:50.240000,10.0,True,HARD,11.0,0 days 00:00:31.223000,0 days 00:00:49.593000,0 days 00:00:29.424000
23.0,KVY,AlphaTauri,0 days 00:01:50.543000,10.0,False,HARD,12.0,0 days 00:00:31.366000,0 days 00:00:49.566000,0 days 00:00:29.611000
24.0,KVY,AlphaTauri,0 days 00:01:50.394000,10.0,False,HARD,13.0,0 days 00:00:31.278000,0 days 00:00:49.625000,0 days 00:00:29.491000
25.0,KVY,AlphaTauri,0 days 00:01:50.199000,10.0,True,HARD,14.0,0 days 00:00:31.222000,0 days 00:00:49.446000,0 days 00:00:29.531000
26.0,KVY,AlphaTauri,0 days 00:01:50.130000,9.0,True,HARD,15.0,0 days 00:00:31.241000,0 days 00:00:49.341000,0 days 00:00:29.548000
27.0,KVY,AlphaTauri,0 days 00:01:49.862000,9.0,True,HARD,16.0,0 days 00:00:31.201000,0 days 00:00:49.186000,0 days 00:00:29.475000
28.0,KVY,AlphaTauri,0 days 00:01:49.832000,9.0,True,HARD,17.0,0 days 00:00:31.312000,0 days 00:00:49.009000,0 days 00:00:29.511000
29.0,KVY,AlphaTauri,0 days 00:01:49.885000,9.0,False,HARD,18.0,0 days 00:00:31.349000,0 days 00:00:49.019000,0 days 00:00:29.517000
30.0,KVY,AlphaTauri,0 days 00:01:49.857000,9.0,False,HARD,19.0,0 days 00:00:31.332000,0 days 00:00:48.843000,0 days 00:00:29.682000
31.0,KVY,AlphaTauri,0 days 00:01:49.963000,9.0,False,HARD,20.0,0 days 00:00:31.368000,0 days 00:00:48.982000,0 days 00:00:29.613000
32.0,KVY,AlphaTauri,0 days 00:01:50.109000,9.0,False,HARD,21.0,0 days 00:00:31.563000,0 days 00:00:48.919000,0 days 00:00:29.627000
33.0,KVY,AlphaTauri,0 days 00:01:50.140000,9.0,False,HARD,22.0,0 days 00:00:31.447000,0 days 00:00:48.999000,0 days 00:00:29.694000
34.0,KVY,AlphaTauri,0 days 00:01:50.359000,9.0,False,HARD,23.0,0 days 00:00:31.554000,0 days 00:00:49.088000,0 days 00:00:29.717000
35.0,KVY,AlphaTauri,0 days 00:01:50.495000,9.0,False,HARD,24.0,0 days 00:00:31.474000,0 days 00:00:49.373000,0 days 00:00:29.648000
36.0,KVY,AlphaTauri,0 days 00:01:53.544000,11.0,False,HARD,25.0,0 days 00:00:31.547000,0 days 00:00:50.536000,0 days 00:00:31.461000
37.0,KVY,AlphaTauri,0 days 00:01:51.195000,11.0,False,HARD,26.0,0 days 00:00:31.700000,0 days 00:00:49.680000,0 days 00:00:29.815000
38.0,KVY,AlphaTauri,0 days 00:01:50.705000,11.0,False,HARD,27.0,0 days 00:00:31.601000,0 days 00:00:49.335000,0 days 00:00:29.769000
39.0,KVY,AlphaTauri,0 days 00:01:50.938000,11.0,False,HARD,28.0,0 days 00:00:31.652000,0 days 00:00:49.361000,0 days 00:00:29.925000
40.0,KVY,AlphaTauri,0 days 00:01:50.929000,11.0,False,HARD,29.0,0 days 00:00:31.722000,0 days 00:00:49.461000,0 days 00:00:29.746000
41.0,KVY,AlphaTauri,0 days 00:01:50.857000,11.0,False,HARD,30.0,0 days 00:00:31.631000,0 days 00:00:49.314000,0 days 00:00:29.912000
42.0,KVY,AlphaTauri,0 days 00:01:51.759000,11.0,False,HARD,31.0,0 days 00:00:31.685000,0 days 00:00:50.057000,0 days 00:00:30.017000
43.0,KVY,AlphaTauri,0 days 00:01:51.403000,11.0,False,HARD,32.0,0 days 00:00:31.761000,0 days 00:00:49.761000,0 days 00:00:29.881000
44.0,KVY,AlphaTauri,0 days 00:01:51.563000,11.0,False,HARD,33.0,0 days 00:00:31.811000,0 days 00:00:49.934000,0 days 00:00:29.818000
1.0,RIC,Renault,0 days 00:01:55.698000,5.0,False,SOFT,4.0,,0 days 00:00:51.373000,0 days 00:00:29.661000
2.0,RIC,Renault,0 days 00:01:51.446000,4.0,True,SOFT,5.0,0 days 00:00:31.631000,0 days 00:00:49.895000,0 days 00:00:29.920000
3.0,RIC,Renault,0 days 00:01:51.069000,4.0,True,SOFT,6.0,0 days 00:00:31.691000,0 days 00:00:49.506000,0 days 00:00:29.872000
4.0,RIC,Renault,0 days 00:01:51.461000,4.0,False,SOFT,7.0,0 days 00:00:31.754000,0 days 00:00:49.773000,0 days 00:00:29.934000
5.0,RIC,Renault,0 days 00:01:51.187000,4.0,False,SOFT,8.0,0 days 00:00:31.783000,0 days 00:00:49.496000,0 days 00:00:29.908000
6.0,RIC,Renault,0 days 00:01:51.434000,4.0,False,SOFT,9.0,0 days 00:00:31.829000,0 days 00:00:49.663000,0 days 00:00:29.942000
7.0,RIC,Renault,0 days 00:01:51.142000,4.0,False,SOFT,10.0,0 days 00:00:31.789000,0 days 00:00:49.509000,0 days 00:00:29.844000
8.0,RIC,Renault,0 days 00:01:50.943000,4.0,True,SOFT,11.0,0 days 00:00:31.813000,0 days 00:00:49.239000,0 days 00:00:29.891000
9.0,RIC,Renault,0 days 00:01:50.796000,4.0,True,SOFT,12.0,0 days 00:00:31.728000,0 days 00:00:49.303000,0 days 00:00:29.765000
10.0,RIC,Renault,0 days 00:01:50.911000,4.0,False,SOFT,13.0,0 days 00:00:31.880000,0 days 00:00:49.199000,0 days 00:00:29.832000
11.0,RIC,Renault,,4.0,False,SOFT,14.0,0 days 00:00:43.827000,0 days 00:01:12.827000,0 days 00:00:39.054000
12.0,RIC,Renault,,6.0,False,HARD,1.0,0 days 00:00:55.537000,0 days 00:01:19.926000,0 days 00:00:44.365000
13.0,RIC,Renault,,6.0,False,HARD,2.0,0 days 00:00:43.909000,0 days 00:01:26.093000,0 days 00:00:48.495000
14.0,RIC,Renault,,6.0,False,HARD,3.0,0 days 00:00:45.790000,0 days 00:01:11.393000,0 days 00:00:44.976000
15.0,RIC,Renault,0 days 00:01:51.894000,6.0,False,HARD,4.0,0 days 00:00:31.326000,0 days 00:00:50.980000,0 days 00:00:29.588000
16.0,RIC,Renault,0 days 00:01:51.179000,6.0,False,HARD,5.0,0 days 00:00:31.176000,0 days 00:00:50.542000,0 days 00:00:29.461000
17.0,RIC,Renault,0 days 00:01:49.913000,5.0,True,HARD,6.0,0 days 00:00:31.133000,0 days 00:00:49.288000,0 days 00:00:29.492000
18.0,RIC,Renault,0 days 00:01:49.590000,5.0,True,HARD,7.0,0 days 00:00:31.398000,0 days 00:00:48.766000,0 days 00:00:29.426000
19.0,RIC,Renault,0 days 00:01:50.531000,5.0,False,HARD,8.0,0 days 00:00:30.850000,0 days 00:00:50.158000,0 days 00:00:29.523000
20.0,RIC,Renault,0 days 00:01:50.407000,5.0,False,HARD,9.0,0 days 00:00:31.219000,0 days 00:00:49.819000,0 days 00:00:29.369000
21.0,RIC,Renault,0 days 00:01:49.485000,4.0,True,HARD,10.0,0 days 00:00:30.918000,0 days 00:00:48.893000,0 days 00:00:29.674000
22.0,RIC,Renault,0 days 00:01:49.549000,4.0,False,HARD,11.0,0 days 00:00:31.667000,0 days 00:00:48.400000,0 days 00:00:29.482000
23.0,RIC,Renault,0 days 00:01:49.481000,4.0,True,HARD,12.0,0 days 00:00:31.650000,0 days 00:00:48.326000,0 days 00:00:29.505000
24.0,RIC,Renault,0 days 00:01:49.568000,4.0,False,HARD,13.0,0 days 00:00:31.644000,0 days 00:00:48.356000,0 days 00:00:29.568000
25.0,RIC,Renault,0 days 00:01:49.021000,4.0,True,HARD,14.0,0 days 00:00:31.541000,0 days 00:00:48.046000,0 days 00:00:29.434000
26.0,RIC,Renault,0 days 00:01:49.112000,4.0,False,HARD,15.0,0 days 00:00:31.632000,0 days 00:00:48.003000,0 days 00:00:29.477000
27.0,RIC,Renault,0 days 00:01:48.913000,4.0,True,HARD,16.0,0 days 00:00:31.588000,0 days 00:00:47.889000,0 days 00:00:29.436000
28.0,RIC,Renault,0 days 00:01:48.723000,4.0,True,HARD,17.0,0 days 00:00:31.592000,0 days 00:00:47.808000,0 days 00:00:29.323000
29.0,RIC,Renault,0 days 00:01:48.688000,4.0,True,HARD,18.0,0 days 00:00:31.596000,0 days 00:00:47.792000,0 days 00:00:29.300000
30.0,RIC,Renault,0 days 00:01:48.660000,4.0,True,HARD,19.0,0 days 00:00:31.639000,0 days 00:00:47.756000,0 days 00:00:29.265000
31.0,RIC,Renault,0 days 00:01:48.677000,4.0,False,HARD,20.0,0 days 00:00:31.540000,0 days 00:00:47.888000,0 days 00:00:29.249000
32.0,RIC,Renault,0 days 00:01:48.700000,4.0,False,HARD,21.0,0 days 00:00:31.614000,0 days 00:00:47.839000,0 days 00:00:29.247000
33.0,RIC,Renault,0 days 00:01:48.756000,4.0,False,HARD,22.0,0 days 00:00:31.562000,0 days 00:00:47.886000,0 days 00:00:29.308000
34.0,RIC,Renault,0 days 00:01:48.897000,4.0,False,HARD,23.0,0 days 00:00:31.560000,0 days 00:00:48.005000,0 days 00:00:29.332000
35.0,RIC,Renault,0 days 00:01:48.880000,4.0,False,HARD,24.0,0 days 00:00:31.496000,0 days 00:00:47.883000,0 days 00:00:29.501000
36.0,RIC,Renault,0 days 00:01:48.566000,4.0,True,HARD,25.0,0 days 00:00:31.556000,0 days 00:00:47.659000,0 days 00:00:29.351000
37.0,RIC,Renault,0 days 00:01:48.986000,4.0,False,HARD,26.0,0 days 00:00:31.607000,0 days 00:00:47.893000,0 days 00:00:29.486000
38.0,RIC,Renault,0 days 00:01:49.047000,4.0,False,HARD,27.0,0 days 00:00:31.649000,0 days 00:00:47.707000,0 days 00:00:29.691000
39.0,RIC,Renault,0 days 00:01:48.889000,4.0,False,HARD,28.0,0 days 00:00:31.571000,0 days 00:00:47.765000,0 days 00:00:29.553000
40.0,RIC,Renault,0 days 00:01:48.454000,4.0,True,HARD,29.0,0 days 00:00:31.484000,0 days 00:00:47.609000,0 days 00:00:29.361000
41.0,RIC,Renault,0 days 00:01:48.293000,4.0,True,HARD,30.0,0 days 00:00:31.425000,0 days 00:00:47.585000,0 days 00:00:29.283000
42.0,RIC,Renault,0 days 00:01:48.259000,4.0,True,HARD,31.0,0 days 00:00:31.376000,0 days 00:00:47.629000,0 days 00:00:29.254000
43.0,RIC,Renault,0 days 00:01:48.758000,4.0,False,HARD,32.0,0 days 00:00:31.415000,0 days 00:00:47.906000,0 days 00:00:29.437000
44.0,RIC,Renault,0 days 00:01:47.483000,4.0,True,HARD,33.0,0 days 00:00:31.288000,0 days 00:00:47.228000,0 days 00:00:28.967000
1.0,OCO,Renault,0 days 00:01:56.527000,6.0,False,SOFT,4.0,,0 days 00:00:51.875000,0 days 00:00:29.739000
2.0,OCO,Renault,0 days 00:01:52.021000,5.0,True,SOFT,5.0,0 days 00:00:31.363000,0 days 00:00:50.645000,0 days 00:00:30.013000
3.0,OCO,Renault,0 days 00:01:51.569000,5.0,True,SOFT,6.0,0 days 00:00:31.556000,0 days 00:00:49.978000,0 days 00:00:30.035000
4.0,OCO,Renault,0 days 00:01:51.588000,5.0,False,SOFT,7.0,0 days 00:00:31.649000,0 days 00:00:49.899000,0 days 00:00:30.040000
5.0,OCO,Renault,0 days 00:01:51.378000,5.0,True,SOFT,8.0,0 days 00:00:31.608000,0 days 00:00:49.699000,0 days 00:00:30.071000
6.0,OCO,Renault,0 days 00:01:51.398000,5.0,False,SOFT,9.0,0 days 00:00:31.675000,0 days 00:00:49.624000,0 days 00:00:30.099000
7.0,OCO,Renault,0 days 00:01:51.322000,5.0,True,SOFT,10.0,0 days 00:00:31.650000,0 days 00:00:49.643000,0 days 00:00:30.029000
8.0,OCO,Renault,0 days 00:01:51.143000,5.0,True,SOFT,11.0,0 days 00:00:31.712000,0 days 00:00:49.355000,0 days 00:00:30.076000
9.0,OCO,Renault,0 days 00:01:50.827000,5.0,True,SOFT,12.0,0 days 00:00:31.593000,0 days 00:00:49.291000,0 days 00:00:29.943000
10.0,OCO,Renault,0 days 00:01:51.017000,5.0,False,SOFT,13.0,0 days 00:00:31.816000,0 days 00:00:49.264000,0 days 00:00:29.937000
11.0,OCO,Renault,,5.0,False,SOFT,14.0,0 days 00:00:55.608000,0 days 00:01:02.407000,0 days 00:00:40.177000
12.0,OCO,Renault,,8.0,False,HARD,1.0,0 days 00:00:56.253000,0 days 00:01:16.692000,0 days 00:00:44.029000
13.0,OCO,Renault,,8.0,False,HARD,2.0,0 days 00:00:45.010000,0 days 00:01:25.089000,0 days 00:00:48.857000
14.0,OCO,Renault,,8.0,False,HARD,3.0,0 days 00:00:46.383000,0 days 00:01:09.820000,0 days 00:00:43.855000
15.0,OCO,Renault,0 days 00:01:52.250000,8.0,False,HARD,4.0,0 days 00:00:31.206000,0 days 00:00:51.471000,0 days 00:00:29.573000
16.0,OCO,Renault,0 days 00:01:51.636000,8.0,False,HARD,5.0,0 days 00:00:31.022000,0 days 00:00:51.085000,0 days 00:00:29.529000
17.0,OCO,Renault,0 days 00:01:51.636000,8.0,False,HARD,6.0,0 days 00:00:31.177000,0 days 00:00:50.829000,0 days 00:00:29.630000
18.0,OCO,Renault,0 days 00:01:51.093000,7.0,False,HARD,7.0,0 days 00:00:30.956000,0 days 00:00:50.534000,0 days 00:00:29.603000
19.0,OCO,Renault,0 days 00:01:49.607000,7.0,True,HARD,8.0,0 days 00:00:31.306000,0 days 00:00:48.749000,0 days 00:00:29.552000
20.0,OCO,Renault,0 days 00:01:49.776000,7.0,False,HARD,9.0,0 days 00:00:31.403000,0 days 00:00:48.848000,0 days 00:00:29.525000
21.0,OCO,Renault,0 days 00:01:50.034000,7.0,False,HARD,10.0,0 days 00:00:31.207000,0 days 00:00:49.249000,0 days 00:00:29.578000
22.0,OCO,Renault,0 days 00:01:50.231000,7.0,False,HARD,11.0,0 days 00:00:30.892000,0 days 00:00:49.700000,0 days 00:00:29.639000
23.0,OCO,Renault,0 days 00:01:50.323000,7.0,False,HARD,12.0,0 days 00:00:30.943000,0 days 00:00:49.908000,0 days 00:00:29.472000
24.0,OCO,Renault,0 days 00:01:50.881000,7.0,False,HARD,13.0,0 days 00:00:31.164000,0 days 00:00:50.172000,0 days 00:00:29.545000
25.0,OCO,Renault,0 days 00:01:50.672000,7.0,False,HARD,14.0,0 days 00:00:30.765000,0 days 00:00:50.167000,0 days 00:00:29.740000
26.0,OCO,Renault,0 days 00:01:48.790000,6.0,True,HARD,15.0,0 days 00:00:30.657000,0 days 00:00:48.576000,0 days 00:00:29.557000
27.0,OCO,Renault,0 days 00:01:48.839000,6.0,False,HARD,16.0,0 days 00:00:31.391000,0 days 00:00:47.985000,0 days 00:00:29.463000
28.0,OCO,Renault,0 days 00:01:48.967000,6.0,False,HARD,17.0,0 days 00:00:31.327000,0 days 00:00:48.167000,0 days 00:00:29.473000
29.0,OCO,Renault,0 days 00:01:48.839000,6.0,False,HARD,18.0,0 days 00:00:31.343000,0 days 00:00:48.003000,0 days 00:00:29.493000
30.0,OCO,Renault,0 days 00:01:48.995000,6.0,False,HARD,19.0,0 days 00:00:31.439000,0 days 00:00:48.039000,0 days 00:00:29.517000
31.0,OCO,Renault,0 days 00:01:48.864000,6.0,False,HARD,20.0,0 days 00:00:31.455000,0 days 00:00:48.143000,0 days 00:00:29.266000
32.0,OCO,Renault,0 days 00:01:48.994000,6.0,False,HARD,21.0,0 days 00:00:31.519000,0 days 00:00:48.056000,0 days 00:00:29.419000
33.0,OCO,Renault,0 days 00:01:49.250000,6.0,False,HARD,22.0,0 days 00:00:31.411000,0 days 00:00:48.389000,0 days 00:00:29.450000
34.0,OCO,Renault,0 days 00:01:49.123000,6.0,False,HARD,23.0,0 days 00:00:31.410000,0 days 00:00:48.351000,0 days 00:00:29.362000
35.0,OCO,Renault,0 days 00:01:49.284000,6.0,False,HARD,24.0,0 days 00:00:31.330000,0 days 00:00:48.491000,0 days 00:00:29.463000
36.0,OCO,Renault,0 days 00:01:49.444000,6.0,False,HARD,25.0,0 days 00:00:31.315000,0 days 00:00:48.727000,0 days 00:00:29.402000
37.0,OCO,Renault,0 days 00:01:49.880000,6.0,False,HARD,26.0,0 days 00:00:31.229000,0 days 00:00:49.131000,0 days 00:00:29.520000
38.0,OCO,Renault,0 days 00:01:49.903000,6.0,False,HARD,27.0,0 days 00:00:31.224000,0 days 00:00:49.066000,0 days 00:00:29.613000
39.0,OCO,Renault,0 days 00:01:49.738000,6.0,False,HARD,28.0,0 days 00:00:31.362000,0 days 00:00:48.956000,0 days 00:00:29.420000
40.0,OCO,Renault,0 days 00:01:50.403000,6.0,False,HARD,29.0,0 days 00:00:30.983000,0 days 00:00:50.023000,0 days 00:00:29.397000
41.0,OCO,Renault,0 days 00:01:50.093000,6.0,False,HARD,30.0,0 days 00:00:30.958000,0 days 00:00:49.675000,0 days 00:00:29.460000
42.0,OCO,Renault,0 days 00:01:50.229000,6.0,False,HARD,31.0,0 days 00:00:30.870000,0 days 00:00:49.948000,0 days 00:00:29.411000
43.0,OCO,Renault,0 days 00:01:50.127000,6.0,False,HARD,32.0,0 days 00:00:31.155000,0 days 00:00:49.632000,0 days 00:00:29.340000
44.0,OCO,Renault,0 days 00:01:48.540000,5.0,True,HARD,33.0,0 days 00:00:30.802000,0 days 00:00:48.304000,0 days 00:00:29.434000
1.0,VER,Red Bull Racing,0 days 00:01:54.844000,4.0,False,MEDIUM,4.0,,0 days 00:00:50.520000,0 days 00:00:29.633000
2.0,VER,Red Bull Racing,0 days 00:01:50.614000,3.0,True,MEDIUM,5.0,0 days 00:00:31.726000,0 days 00:00:49.267000,0 days 00:00:29.621000
3.0,VER,Red Bull Racing,0 days 00:01:50.335000,3.0,True,MEDIUM,6.0,0 days 00:00:31.742000,0 days 00:00:48.888000,0 days 00:00:29.705000
4.0,VER,Red Bull Racing,0 days 00:01:50.568000,3.0,False,MEDIUM,7.0,0 days 00:00:31.755000,0 days 00:00:49.155000,0 days 00:00:29.658000
5.0,VER,Red Bull Racing,0 days 00:01:50.190000,3.0,True,MEDIUM,8.0,0 days 00:00:31.686000,0 days 00:00:48.910000,0 days 00:00:29.594000
6.0,VER,Red Bull Racing,0 days 00:01:50.468000,3.0,False,MEDIUM,9.0,0 days 00:00:31.828000,0 days 00:00:48.962000,0 days 00:00:29.678000
7.0,VER,Red Bull Racing,0 days 00:01:50.347000,3.0,False,MEDIUM,10.0,0 days 00:00:31.737000,0 days 00:00:48.983000,0 days 00:00:29.627000
8.0,VER,Red Bull Racing,0 days 00:01:50.125000,3.0,True,MEDIUM,11.0,0 days 00:00:31.762000,0 days 00:00:48.793000,0 days 00:00:29.570000
9.0,VER,Red Bull Racing,0 days 00:01:50.274000,3.0,False,MEDIUM,12.0,0 days 00:00:31.797000,0 days 00:00:48.919000,0 days 00:00:29.558000
10.0,VER,Red Bull Racing,0 days 00:01:50.761000,3.0,False,MEDIUM,13.0,0 days 00:00:31.976000,0 days 00:00:48.993000,0 days 00:00:29.792000
11.0,VER,Red Bull Racing,,3.0,False,MEDIUM,14.0,0 days 00:00:42.441000,0 days 00:01:15.985000,0 days 00:00:35.538000
12.0,VER,Red Bull Racing,,3.0,False,HARD,1.0,0 days 00:00:56.118000,0 days 00:01:23.385000,0 days 00:00:44.414000
13.0,VER,Red Bull Racing,,3.0,False,HARD,2.0,0 days 00:00:45.349000,0 days 00:01:25.174000,0 days 00:00:48.882000
14.0,VER,Red Bull Racing,,3.0,False,HARD,3.0,0 days 00:00:45.711000,0 days 00:01:12.286000,0 days 00:00:47.104000
15.0,VER,Red Bull Racing,0 days 00:01:49.597000,3.0,True,HARD,4.0,0 days 00:00:31.446000,0 days 00:00:48.920000,0 days 00:00:29.231000
16.0,VER,Red Bull Racing,0 days 00:01:48.614000,3.0,True,HARD,5.0,0 days 00:00:31.316000,0 days 00:00:48.194000,0 days 00:00:29.104000
17.0,VER,Red Bull Racing,0 days 00:01:48.684000,3.0,False,HARD,6.0,0 days 00:00:31.465000,0 days 00:00:47.972000,0 days 00:00:29.247000
18.0,VER,Red Bull Racing,0 days 00:01:48.603000,3.0,True,HARD,7.0,0 days 00:00:31.431000,0 days 00:00:47.876000,0 days 00:00:29.296000
19.0,VER,Red Bull Racing,0 days 00:01:48.704000,3.0,False,HARD,8.0,0 days 00:00:31.390000,0 days 00:00:48.060000,0 days 00:00:29.254000
20.0,VER,Red Bull Racing,0 days 00:01:48.720000,3.0,False,HARD,9.0,0 days 00:00:31.401000,0 days 00:00:48.042000,0 days 00:00:29.277000
21.0,VER,Red Bull Racing,0 days 00:01:48.905000,3.0,False,HARD,10.0,0 days 00:00:31.378000,0 days 00:00:48.228000,0 days 00:00:29.299000
22.0,VER,Red Bull Racing,0 days 00:01:48.810000,3.0,False,HARD,11.0,0 days 00:00:31.467000,0 days 00:00:48.074000,0 days 00:00:29.269000
23.0,VER,Red Bull Racing,0 days 00:01:48.591000,3.0,True,HARD,12.0,0 days 00:00:31.454000,0 days 00:00:47.895000,0 days 00:00:29.242000
24.0,VER,Red Bull Racing,0 days 00:01:48.618000,3.0,False,HARD,13.0,0 days 00:00:31.383000,0 days 00:00:47.968000,0 days 00:00:29.267000
25.0,VER,Red Bull Racing,0 days 00:01:48.694000,3.0,False,HARD,14.0,0 days 00:00:31.375000,0 days 00:00:48.046000,0 days 00:00:29.273000
26.0,VER,Red Bull Racing,0 days 00:01:48.527000,3.0,True,HARD,15.0,0 days 00:00:31.363000,0 days 00:00:47.871000,0 days 00:00:29.293000
27.0,VER,Red Bull Racing,0 days 00:01:48.305000,3.0,True,HARD,16.0,0 days 00:00:31.359000,0 days 00:00:47.754000,0 days 00:00:29.192000
28.0,VER,Red Bull Racing,0 days 00:01:48.448000,3.0,False,HARD,17.0,0 days 00:00:31.364000,0 days 00:00:47.724000,0 days 00:00:29.360000
29.0,VER,Red Bull Racing,0 days 00:01:48.562000,3.0,False,HARD,18.0,0 days 00:00:31.507000,0 days 00:00:47.813000,0 days 00:00:29.242000
30.0,VER,Red Bull Racing,0 days 00:01:48.748000,3.0,False,HARD,19.0,0 days 00:00:31.511000,0 days 00:00:47.889000,0 days 00:00:29.348000
31.0,VER,Red Bull Racing,0 days 00:01:48.700000,3.0,False,HARD,20.0,0 days 00:00:31.553000,0 days 00:00:47.812000,0 days 00:00:29.335000
32.0,VER,Red Bull Racing,0 days 00:01:48.829000,3.0,False,HARD,21.0,0 days 00:00:31.728000,0 days 00:00:47.745000,0 days 00:00:29.356000
33.0,VER,Red Bull Racing,0 days 00:01:48.776000,3.0,False,HARD,22.0,0 days 00:00:31.584000,0 days 00:00:47.861000,0 days 00:00:29.331000
34.0,VER,Red Bull Racing,0 days 00:01:48.994000,3.0,False,HARD,23.0,0 days 00:00:31.622000,0 days 00:00:47.998000,0 days 00:00:29.374000
35.0,VER,Red Bull Racing,0 days 00:01:48.782000,3.0,False,HARD,24.0,0 days 00:00:31.525000,0 days 00:00:47.817000,0 days 00:00:29.440000
36.0,VER,Red Bull Racing,0 days 00:01:49.376000,3.0,False,HARD,25.0,0 days 00:00:31.718000,0 days 00:00:48.016000,0 days 00:00:29.642000
37.0,VER,Red Bull Racing,0 days 00:01:49.215000,3.0,False,HARD,26.0,0 days 00:00:31.608000,0 days 00:00:48.054000,0 days 00:00:29.553000
38.0,VER,Red Bull Racing,0 days 00:01:49.146000,3.0,False,HARD,27.0,0 days 00:00:31.635000,0 days 00:00:48.023000,0 days 00:00:29.488000
39.0,VER,Red Bull Racing,0 days 00:01:49.651000,3.0,False,HARD,28.0,0 days 00:00:31.601000,0 days 00:00:48.253000,0 days 00:00:29.797000
40.0,VER,Red Bull Racing,0 days 00:01:50.046000,3.0,False,HARD,29.0,0 days 00:00:31.758000,0 days 00:00:48.682000,0 days 00:00:29.606000
41.0,VER,Red Bull Racing,0 days 00:01:50.080000,3.0,False,HARD,30.0,0 days 00:00:31.662000,0 days 00:00:48.785000,0 days 00:00:29.633000
42.0,VER,Red Bull Racing,0 days 00:01:50.118000,3.0,False,HARD,31.0,0 days 00:00:31.838000,0 days 00:00:48.581000,0 days 00:00:29.699000
43.0,VER,Red Bull Racing,0 days 00:01:50.511000,3.0,False,HARD,32.0,0 days 00:00:31.771000,0 days 00:00:49.079000,0 days 00:00:29.661000
44.0,VER,Red Bull Racing,0 days 00:01:51.949000,3.0,False,HARD,33.0,0 days 00:00:31.958000,0 days 00:00:50.058000,0 days 00:00:29.933000
1.0,NOR,McLaren,0 days 00:02:00.069000,12.0,False,SOFT,4.0,,0 days 00:00:54.177000,0 days 00:00:29.640000
2.0,NOR,McLaren,0 days 00:01:53.824000,11.0,True,SOFT,5.0,0 days 00:00:31.387000,0 days 00:00:52.646000,0 days 00:00:29.791000
3.0,NOR,McLaren,0 days 00:01:52.256000,11.0,True,SOFT,6.0,0 days 00:00:31.520000,0 days 00:00:50.896000,0 days 00:00:29.840000
4.0,NOR,McLaren,0 days 00:01:52.350000,11.0,False,SOFT,7.0,0 days 00:00:31.575000,0 days 00:00:50.927000,0 days 00:00:29.848000
5.0,NOR,McLaren,0 days 00:01:52.414000,11.0,False,SOFT,8.0,0 days 00:00:31.427000,0 days 00:00:51.035000,0 days 00:00:29.952000
6.0,NOR,McLaren,0 days 00:01:51.799000,10.0,True,SOFT,9.0,0 days 00:00:31.195000,0 days 00:00:50.527000,0 days 00:00:30.077000
7.0,NOR,McLaren,0 days 00:01:51.741000,10.0,True,SOFT,10.0,0 days 00:00:31.823000,0 days 00:00:49.954000,0 days 00:00:29.964000
8.0,NOR,McLaren,0 days 00:01:51.481000,10.0,True,SOFT,11.0,0 days 00:00:31.875000,0 days 00:00:49.658000,0 days 00:00:29.948000
9.0,NOR,McLaren,0 days 00:01:51.560000,10.0,False,SOFT,12.0,0 days 00:00:31.772000,0 days 00:00:49.877000,0 days 00:00:29.911000
10.0,NOR,McLaren,0 days 00:01:56.381000,10.0,False,SOFT,13.0,0 days 00:00:31.992000,0 days 00:00:49.607000,0 days 00:00:34.782000
11.0,NOR,McLaren,,10.0,False,SOFT,14.0,0 days 00:00:46.313000,0 days 00:01:08.760000,0 days 00:00:38.505000
12.0,NOR,McLaren,,10.0,False,HARD,1.0,0 days 00:00:53.858000,0 days 00:01:11.939000,0 days 00:00:43.781000
13.0,NOR,McLaren,,10.0,False,HARD,2.0,0 days 00:00:45.724000,0 days 00:01:23.880000,0 days 00:00:50.591000
14.0,NOR,McLaren,,10.0,False,HARD,3.0,0 days 00:00:45.315000,0 days 00:01:08.272000,0 days 00:00:43.173000
15.0,NOR,McLaren,0 days 00:01:52.663000,10.0,False,HARD,4.0,0 days 00:00:31.048000,0 days 00:00:52.056000,0 days 00:00:29.559000
16.0,NOR,McLaren,0 days 00:01:51.761000,10.0,False,HARD,5.0,0 days 00:00:31.334000,0 days 00:00:50.836000,0 days 00:00:29.591000
17.0,NOR,McLaren,0 days 00:01:51.569000,10.0,False,HARD,6.0,0 days 00:00:31.251000,0 days 00:00:50.753000,0 days 00:00:29.565000
18.0,NOR,McLaren,0 days 00:01:51.341000,9.0,True,HARD,7.0,0 days 00:00:30.781000,0 days 00:00:51.032000,0 days 00:00:29.528000
19.0,NOR,McLaren,0 days 00:01:50.466000,9.0,True,HARD,8.0,0 days 00:00:31.041000,0 days 00:00:49.925000,0 days 00:00:29.500000
20.0,NOR,McLaren,0 days 00:01:50.433000,9.0,True,HARD,9.0,0 days 00:00:31.463000,0 days 00:00:49.374000,0 days 00:00:29.596000
21.0,NOR,McLaren,0 days 00:01:50.589000,9.0,False,HARD,10.0,0 days 00:00:31.453000,0 days 00:00:49.414000,0 days 00:00:29.722000
22.0,NOR,McLaren,0 days 00:01:50.323000,9.0,True,HARD,11.0,0 days 00:00:31.506000,0 days 00:00:49.256000,0 days 00:00:29.561000
23.0,NOR,McLaren,0 days 00:01:50.287000,9.0,True,HARD,12.0,0 days 00:00:31.495000,0 days 00:00:49.162000,0 days 00:00:29.630000
24.0,NOR,McLaren,0 days 00:01:50.318000,9.0,False,HARD,13.0,0 days 00:00:31.504000,0 days 00:00:49.286000,0 days 00:00:29.528000
25.0,NOR,McLaren,0 days 00:01:50.253000,9.0,True,HARD,14.0,0 days 00:00:31.459000,0 days 00:00:49.280000,0 days 00:00:29.514000
26.0,NOR,McLaren,0 days 00:01:50.192000,8.0,True,HARD,15.0,0 days 00:00:31.400000,0 days 00:00:49.321000,0 days 00:00:29.471000
27.0,NOR,McLaren,0 days 00:01:49.120000,8.0,True,HARD,16.0,0 days 00:00:31.389000,0 days 00:00:48.410000,0 days 00:00:29.321000
28.0,NOR,McLaren,0 days 00:01:49.862000,8.0,False,HARD,17.0,0 days 00:00:31.249000,0 days 00:00:49.114000,0 days 00:00:29.499000
29.0,NOR,McLaren,0 days 00:01:49.597000,8.0,False,HARD,18.0,0 days 00:00:31.405000,0 days 00:00:48.762000,0 days 00:00:29.430000
30.0,NOR,McLaren,0 days 00:01:49.261000,8.0,False,HARD,19.0,0 days 00:00:31.426000,0 days 00:00:48.413000,0 days 00:00:29.422000
31.0,NOR,McLaren,0 days 00:01:49.108000,8.0,True,HARD,20.0,0 days 00:00:31.426000,0 days 00:00:48.376000,0 days 00:00:29.306000
32.0,NOR,McLaren,0 days 00:01:49.036000,8.0,True,HARD,21.0,0 days 00:00:31.463000,0 days 00:00:48.270000,0 days 00:00:29.303000
33.0,NOR,McLaren,0 days 00:01:49.333000,8.0,False,HARD,22.0,0 days 00:00:31.384000,0 days 00:00:48.345000,0 days 00:00:29.604000
34.0,NOR,McLaren,0 days 00:01:49.077000,8.0,False,HARD,23.0,0 days 00:00:31.450000,0 days 00:00:48.263000,0 days 00:00:29.364000
35.0,NOR,McLaren,0 days 00:01:49.363000,8.0,False,HARD,24.0,0 days 00:00:31.360000,0 days 00:00:48.591000,0 days 00:00:29.412000
36.0,NOR,McLaren,0 days 00:01:49.350000,8.0,False,HARD,25.0,0 days 00:00:30.969000,0 days 00:00:48.978000,0 days 00:00:29.403000
37.0,NOR,McLaren,0 days 00:01:48.663000,7.0,True,HARD,26.0,0 days 00:00:30.817000,0 days 00:00:48.438000,0 days 00:00:29.408000
38.0,NOR,McLaren,0 days 00:01:48.762000,7.0,False,HARD,27.0,0 days 00:00:31.531000,0 days 00:00:47.715000,0 days 00:00:29.516000
39.0,NOR,McLaren,0 days 00:01:48.552000,7.0,True,HARD,28.0,0 days 00:00:31.496000,0 days 00:00:47.794000,0 days 00:00:29.262000
40.0,NOR,McLaren,0 days 00:01:48.849000,7.0,False,HARD,29.0,0 days 00:00:31.435000,0 days 00:00:48.165000,0 days 00:00:29.249000
41.0,NOR,McLaren,0 days 00:01:49.349000,7.0,False,HARD,30.0,0 days 00:00:31.245000,0 days 00:00:48.806000,0 days 00:00:29.298000
42.0,NOR,McLaren,0 days 00:01:50.139000,7.0,False,HARD,31.0,0 days 00:00:30.934000,0 days 00:00:49.993000,0 days 00:00:29.212000
43.0,NOR,McLaren,0 days 00:01:50.020000,7.0,False,HARD,32.0,0 days 00:00:30.576000,0 days 00:00:50.336000,0 days 00:00:29.108000
44.0,NOR,McLaren,0 days 00:01:50.913000,7.0,False,HARD,33.0,0 days 00:00:30.841000,0 days 00:00:50.188000,0 days 00:00:29.884000
1.0,HAM,Mercedes,0 days 00:01:52.322000,1.0,False,MEDIUM,4.0,,0 days 00:00:48.509000,0 days 00:00:29.480000
2.0,HAM,Mercedes,0 days 00:01:50.242000,1.0,True,MEDIUM,5.0,0 days 00:00:31.804000,0 days 00:00:48.800000,0 days 00:00:29.638000
3.0,HAM,Mercedes,0 days 00:01:50.073000,1.0,True,MEDIUM,6.0,0 days 00:00:31.865000,0 days 00:00:48.475000,0 days 00:00:29.733000
4.0,HAM,Mercedes,0 days 00:01:50.269000,1.0,False,MEDIUM,7.0,0 days 00:00:31.980000,0 days 00:00:48.611000,0 days 00:00:29.678000
5.0,HAM,Mercedes,0 days 00:01:49.470000,1.0,True,MEDIUM,8.0,0 days 00:00:31.729000,0 days 00:00:48.134000,0 days 00:00:29.607000
6.0,HAM,Mercedes,0 days 00:01:50.117000,1.0,False,MEDIUM,9.0,0 days 00:00:31.800000,0 days 00:00:48.614000,0 days 00:00:29.703000
7.0,HAM,Mercedes,0 days 00:01:49.921000,1.0,False,MEDIUM,10.0,0 days 00:00:31.846000,0 days 00:00:48.376000,0 days 00:00:29.699000
8.0,HAM,Mercedes,0 days 00:01:49.993000,1.0,False,MEDIUM,11.0,0 days 00:00:31.883000,0 days 00:00:48.354000,0 days 00:00:29.756000
9.0,HAM,Mercedes,0 days 00:01:49.642000,1.0,False,MEDIUM,12.0,0 days 00:00:31.899000,0 days 00:00:48.206000,0 days 00:00:29.537000
10.0,HAM,Mercedes,0 days 00:01:49.871000,1.0,False,MEDIUM,13.0,0 days 00:00:32.150000,0 days 00:00:48.007000,0 days 00:00:29.714000
11.0,HAM,Mercedes,,1.0,False,MEDIUM,14.0,0 days 00:00:40.525000,0 days 00:01:17.297000,0 days 00:00:36.321000
12.0,HAM,Mercedes,,1.0,False,HARD,1.0,0 days 00:00:55.968000,0 days 00:01:28.014000,0 days 00:00:43.956000
13.0,HAM,Mercedes,,1.0,False,HARD,2.0,0 days 00:00:44.755000,0 days 00:01:25.743000,0 days 00:00:49.562000
14.0,HAM,Mercedes,,1.0,False,HARD,3.0,0 days 00:00:43.756000,0 days 00:01:14.173000,0 days 00:00:47.769000
15.0,HAM,Mercedes,0 days 00:01:48.325000,1.0,True,HARD,4.0,0 days 00:00:31.630000,0 days 00:00:47.130000,0 days 00:00:29.565000
16.0,HAM,Mercedes,0 days 00:01:48.247000,1.0,True,HARD,5.0,0 days 00:00:31.775000,0 days 00:00:47.197000,0 days 00:00:29.275000
17.0,HAM,Mercedes,0 days 00:01:48.165000,1.0,True,HARD,6.0,0 days 00:00:31.627000,0 days 00:00:47.182000,0 days 00:00:29.356000
18.0,HAM,Mercedes,0 days 00:01:48.470000,1.0,False,HARD,7.0,0 days 00:00:31.678000,0 days 00:00:47.306000,0 days 00:00:29.486000
19.0,HAM,Mercedes,0 days 00:01:48.325000,1.0,False,HARD,8.0,0 days 00:00:31.687000,0 days 00:00:47.139000,0 days 00:00:29.499000
20.0,HAM,Mercedes,0 days 00:01:48.506000,1.0,False,HARD,9.0,0 days 00:00:31.709000,0 days 00:00:47.430000,0 days 00:00:29.367000
21.0,HAM,Mercedes,0 days 00:01:48.592000,1.0,False,HARD,10.0,0 days 00:00:31.778000,0 days 00:00:47.367000,0 days 00:00:29.447000
22.0,HAM,Mercedes,0 days 00:01:48.779000,1.0,False,HARD,11.0,0 days 00:00:31.720000,0 days 00:00:47.605000,0 days 00:00:29.454000
23.0,HAM,Mercedes,0 days 00:01:48.549000,1.0,False,HARD,12.0,0 days 00:00:31.718000,0 days 00:00:47.343000,0 days 00:00:29.488000
24.0,HAM,Mercedes,0 days 00:01:48.123000,1.0,True,HARD,13.0,0 days 00:00:31.689000,0 days 00:00:46.974000,0 days 00:00:29.460000
25.0,HAM,Mercedes,0 days 00:01:48.319000,1.0,False,HARD,14.0,0 days 00:00:31.684000,0 days 00:00:47.127000,0 days 00:00:29.508000
26.0,HAM,Mercedes,0 days 00:01:47.851000,1.0,True,HARD,15.0,0 days 00:00:31.505000,0 days 00:00:46.997000,0 days 00:00:29.349000
27.0,HAM,Mercedes,0 days 00:01:48.274000,1.0,False,HARD,16.0,0 days 00:00:31.618000,0 days 00:00:47.278000,0 days 00:00:29.378000
28.0,HAM,Mercedes,0 days 00:01:47.758000,1.0,True,HARD,17.0,0 days 00:00:31.517000,0 days 00:00:46.953000,0 days 00:00:29.288000
29.0,HAM,Mercedes,0 days 00:01:47.964000,1.0,False,HARD,18.0,0 days 00:00:31.580000,0 days 00:00:47.052000,0 days 00:00:29.332000
30.0,HAM,Mercedes,0 days 00:01:48.176000,1.0,False,HARD,19.0,0 days 00:00:31.551000,0 days 00:00:47.270000,0 days 00:00:29.355000
31.0,HAM,Mercedes,0 days 00:01:48.856000,1.0,False,HARD,20.0,0 days 00:00:31.593000,0 days 00:00:47.843000,0 days 00:00:29.420000
32.0,HAM,Mercedes,0 days 00:01:48.311000,1.0,False,HARD,21.0,0 days 00:00:31.753000,0 days 00:00:47.140000,0 days 00:00:29.418000
33.0,HAM,Mercedes,0 days 00:01:48.174000,1.0,False,HARD,22.0,0 days 00:00:31.784000,0 days 00:00:47.061000,0 days 00:00:29.329000
34.0,HAM,Mercedes,0 days 00:01:48.481000,1.0,False,HARD,23.0,0 days 00:00:31.733000,0 days 00:00:47.158000,0 days 00:00:29.590000
35.0,HAM,Mercedes,0 days 00:01:48.108000,1.0,False,HARD,24.0,0 days 00:00:31.709000,0 days 00:00:47.020000,0 days 00:00:29.379000
36.0,HAM,Mercedes,0 days 00:01:48.316000,1.0,False,HARD,25.0,0 days 00:00:31.611000,0 days 00:00:47.216000,0 days 00:00:29.489000
37.0,HAM,Mercedes,0 days 00:01:49.204000,1.0,False,HARD,26.0,0 days 00:00:31.638000,0 days 00:00:47.072000,0 days 00:00:30.494000
38.0,HAM,Mercedes,0 days 00:01:48.920000,1.0,False,HARD,27.0,0 days 00:00:32.026000,0 days 00:00:47.410000,0 days 00:00:29.484000
39.0,HAM,Mercedes,0 days 00:01:48.521000,1.0,False,HARD,28.0,0 days 00:00:31.703000,0 days 00:00:47.299000,0 days 00:00:29.519000
40.0,HAM,Mercedes,0 days 00:01:48.877000,1.0,False,HARD,29.0,0 days 00:00:31.666000,0 days 00:00:47.600000,0 days 00:00:29.611000
41.0,HAM,Mercedes,0 days 00:01:49.860000,1.0,False,HARD,30.0,0 days 00:00:31.629000,0 days 00:00:48.595000,0 days 00:00:29.636000
42.0,HAM,Mercedes,0 days 00:01:51.398000,1.0,False,HARD,31.0,0 days 00:00:31.801000,0 days 00:00:49.614000,0 days 00:00:29.983000
43.0,HAM,Mercedes,0 days 00:01:49.596000,1.0,False,HARD,32.0,0 days 00:00:31.870000,0 days 00:00:48.091000,0 days 00:00:29.635000
44.0,HAM,Mercedes,0 days 00:01:49.957000,1.0,False,HARD,33.0,0 days 00:00:31.760000,0 days 00:00:48.472000,0 days 00:00:29.725000
1.0,VET,Ferrari,0 days 00:02:01.600000,14.0,False,MEDIUM,1.0,,0 days 00:00:54.915000,0 days 00:00:30.033000
2.0,VET,Ferrari,0 days 00:01:54.126000,13.0,True,MEDIUM,2.0,0 days 00:00:31.851000,0 days 00:00:52.287000,0 days 00:00:29.988000
3.0,VET,Ferrari,0 days 00:01:52.223000,13.0,True,MEDIUM,3.0,0 days 00:00:31.708000,0 days 00:00:50.602000,0 days 00:00:29.913000
4.0,VET,Ferrari,0 days 00:01:52.351000,13.0,False,MEDIUM,4.0,0 days 00:00:31.927000,0 days 00:00:50.569000,0 days 00:00:29.855000
5.0,VET,Ferrari,0 days 00:01:52.485000,13.0,False,MEDIUM,5.0,0 days 00:00:31.863000,0 days 00:00:50.672000,0 days 00:00:29.950000
6.0,VET,Ferrari,0 days 00:01:52.951000,13.0,False,MEDIUM,6.0,0 days 00:00:31.894000,0 days 00:00:51.066000,0 days 00:00:29.991000
7.0,VET,Ferrari,0 days 00:01:52.409000,13.0,False,MEDIUM,7.0,0 days 00:00:31.955000,0 days 00:00:50.638000,0 days 00:00:29.816000
8.0,VET,Ferrari,0 days 00:01:52.040000,13.0,True,MEDIUM,8.0,0 days 00:00:31.287000,0 days 00:00:50.933000,0 days 00:00:29.820000
9.0,VET,Ferrari,0 days 00:01:52.245000,13.0,False,MEDIUM,9.0,0 days 00:00:31.573000,0 days 00:00:50.583000,0 days 00:00:30.089000
10.0,VET,Ferrari,0 days 00:01:59.218000,12.0,False,MEDIUM,10.0,0 days 00:00:31.863000,0 days 00:00:50.113000,0 days 00:00:37.242000
11.0,VET,Ferrari,,12.0,False,MEDIUM,11.0,0 days 00:00:43.850000,0 days 00:01:10.275000,0 days 00:00:38.995000
12.0,VET,Ferrari,,12.0,False,HARD,1.0,0 days 00:00:52.510000,0 days 00:01:10.648000,0 days 00:00:43.841000
13.0,VET,Ferrari,,12.0,False,HARD,2.0,0 days 00:00:48.096000,0 days 00:01:19.710000,0 days 00:00:51.295000
14.0,VET,Ferrari,,12.0,False,HARD,3.0,0 days 00:00:47.491000,0 days 00:01:05.556000,0 days 00:00:41.168000
15.0,VET,Ferrari,0 days 00:01:52.777000,12.0,False,HARD,4.0,0 days 00:00:31.645000,0 days 00:00:51.419000,0 days 00:00:29.713000
16.0,VET,Ferrari,0 days 00:01:52.297000,13.0,False,HARD,5.0,0 days 00:00:31.587000,0 days 00:00:51.096000,0 days 00:00:29.614000
17.0,VET,Ferrari,0 days 00:01:51.903000,13.0,True,HARD,6.0,0 days 00:00:31.480000,0 days 00:00:50.686000,0 days 00:00:29.737000
18.0,VET,Ferrari,0 days 00:01:51.560000,13.0,True,HARD,7.0,0 days 00:00:31.211000,0 days 00:00:50.506000,0 days 00:00:29.843000
19.0,VET,Ferrari,0 days 00:01:51.010000,12.0,True,HARD,8.0,0 days 00:00:31.316000,0 days 00:00:50.059000,0 days 00:00:29.635000
20.0,VET,Ferrari,0 days 00:01:50.551000,12.0,True,HARD,9.0,0 days 00:00:31.548000,0 days 00:00:49.412000,0 days 00:00:29.591000
21.0,VET,Ferrari,0 days 00:01:50.793000,12.0,False,HARD,10.0,0 days 00:00:31.549000,0 days 00:00:49.540000,0 days 00:00:29.704000
22.0,VET,Ferrari,0 days 00:01:50.524000,12.0,True,HARD,11.0,0 days 00:00:31.644000,0 days 00:00:49.256000,0 days 00:00:29.624000
23.0,VET,Ferrari,0 days 00:01:50.200000,12.0,True,HARD,12.0,0 days 00:00:31.611000,0 days 00:00:49.049000,0 days 00:00:29.540000
24.0,VET,Ferrari,0 days 00:01:50.463000,12.0,False,HARD,13.0,0 days 00:00:31.589000,0 days 00:00:49.257000,0 days 00:00:29.617000
25.0,VET,Ferrari,0 days 00:01:50.232000,12.0,False,HARD,14.0,0 days 00:00:31.435000,0 days 00:00:49.171000,0 days 00:00:29.626000
26.0,VET,Ferrari,0 days 00:01:50.351000,12.0,False,HARD,15.0,0 days 00:00:31.477000,0 days 00:00:49.226000,0 days 00:00:29.648000
27.0,VET,Ferrari,0 days 00:01:50.507000,11.0,False,HARD,16.0,0 days 00:00:31.618000,0 days 00:00:49.177000,0 days 00:00:29.712000
28.0,VET,Ferrari,0 days 00:01:50.380000,11.0,False,HARD,17.0,0 days 00:00:31.663000,0 days 00:00:49.031000,0 days 00:00:29.686000
29.0,VET,Ferrari,0 days 00:01:51.378000,12.0,False,HARD,18.0,0 days 00:00:31.681000,0 days 00:00:50.129000,0 days 00:00:29.568000
30.0,VET,Ferrari,0 days 00:01:50.179000,12.0,True,HARD,19.0,0 days 00:00:31.673000,0 days 00:00:48.766000,0 days 00:00:29.740000
31.0,VET,Ferrari,0 days 00:01:49.958000,12.0,True,HARD,20.0,0 days 00:00:31.777000,0 days 00:00:48.674000,0 days 00:00:29.507000
32.0,VET,Ferrari,0 days 00:01:51.882000,13.0,False,HARD,21.0,0 days 00:00:31.856000,0 days 00:00:50.442000,0 days 00:00:29.584000
33.0,VET,Ferrari,0 days 00:01:50.499000,13.0,False,HARD,22.0,0 days 00:00:31.801000,0 days 00:00:48.983000,0 days 00:00:29.715000
34.0,VET,Ferrari,0 days 00:01:50.492000,13.0,False,HARD,23.0,0 days 00:00:31.685000,0 days 00:00:49.138000,0 days 00:00:29.669000
35.0,VET,Ferrari,0 days 00:01:50.552000,13.0,False,HARD,24.0,0 days 00:00:31.723000,0 days 00:00:49.159000,0 days 00:00:29.670000
36.0,VET,Ferrari,0 days 00:01:50.671000,13.0,False,HARD,25.0,0 days 00:00:31.717000,0 days 00:00:49.139000,0 days 00:00:29.815000
37.0,VET,Ferrari,0 days 00:01:50.990000,13.0,False,HARD,26.0,0 days 00:00:31.987000,0 days 00:00:49.310000,0 days 00:00:29.693000
38.0,VET,Ferrari,0 days 00:01:50.684000,13.0,False,HARD,27.0,0 days 00:00:31.835000,0 days 00:00:49.164000,0 days 00:00:29.685000
39.0,VET,Ferrari,0 days 00:01:50.691000,13.0,False,HARD,28.0,0 days 00:00:31.856000,0 days 00:00:49.195000,0 days 00:00:29.640000
40.0,VET,Ferrari,0 days 00:01:50.679000,13.0,False,HARD,29.0,0 days 00:00:31.778000,0 days 00:00:49.189000,0 days 00:00:29.712000
41.0,VET,Ferrari,0 days 00:01:50.690000,13.0,False,HARD,30.0,0 days 00:00:31.771000,0 days 00:00:49.192000,0 days 00:00:29.727000
42.0,VET,Ferrari,0 days 00:01:51.509000,13.0,False,HARD,31.0,0 days 00:00:31.744000,0 days 00:00:49.950000,0 days 00:00:29.815000
43.0,VET,Ferrari,0 days 00:01:50.785000,13.0,False,HARD,32.0,0 days 00:00:31.775000,0 days 00:00:49.389000,0 days 00:00:29.621000
44.0,VET,Ferrari,0 days 00:01:51.385000,13.0,False,HARD,33.0,0 days 00:00:31.867000,0 days 00:00:49.691000,0 days 00:00:29.827000
1.0,SAI,McLaren,,,False,SOFT,4.0,,,
1.0,LAT,Williams,0 days 00:02:04.659000,20.0,False,MEDIUM,1.0,,0 days 00:00:56.457000,0 days 00:00:30.663000
2.0,LAT,Williams,0 days 00:01:54.848000,19.0,True,MEDIUM,2.0,0 days 00:00:32.217000,0 days 00:00:52.124000,0 days 00:00:30.507000
3.0,LAT,Williams,0 days 00:01:53.465000,19.0,True,MEDIUM,3.0,0 days 00:00:32.405000,0 days 00:00:50.908000,0 days 00:00:30.152000
4.0,LAT,Williams,0 days 00:01:52.932000,19.0,True,MEDIUM,4.0,0 days 00:00:31.973000,0 days 00:00:50.748000,0 days 00:00:30.211000
5.0,LAT,Williams,0 days 00:01:53.291000,19.0,False,MEDIUM,5.0,0 days 00:00:32.495000,0 days 00:00:50.494000,0 days 00:00:30.302000
6.0,LAT,Williams,0 days 00:01:53.159000,19.0,False,MEDIUM,6.0,0 days 00:00:31.821000,0 days 00:00:51.105000,0 days 00:00:30.233000
7.0,LAT,Williams,0 days 00:01:53.159000,19.0,False,MEDIUM,7.0,0 days 00:00:31.618000,0 days 00:00:51.416000,0 days 00:00:30.125000
8.0,LAT,Williams,0 days 00:01:53.978000,19.0,False,MEDIUM,8.0,0 days 00:00:31.164000,0 days 00:00:52.402000,0 days 00:00:30.412000
9.0,LAT,Williams,0 days 00:01:53.206000,19.0,False,MEDIUM,9.0,0 days 00:00:32.293000,0 days 00:00:50.748000,0 days 00:00:30.165000
10.0,LAT,Williams,0 days 00:02:09.652000,17.0,False,MEDIUM,10.0,0 days 00:00:32.256000,0 days 00:00:52.083000,0 days 00:00:45.313000
11.0,LAT,Williams,,17.0,False,HARD,1.0,0 days 00:00:55.100000,0 days 00:01:15.433000,0 days 00:00:35.707000
12.0,LAT,Williams,0 days 00:02:23.856000,17.0,False,HARD,2.0,0 days 00:00:34.522000,0 days 00:01:05.397000,0 days 00:00:43.937000
13.0,LAT,Williams,,17.0,False,HARD,3.0,0 days 00:00:45.451000,0 days 00:01:24.414000,0 days 00:00:48.706000
14.0,LAT,Williams,0 days 00:02:26.415000,17.0,False,HARD,4.0,0 days 00:00:45.543000,0 days 00:01:02.324000,0 days 00:00:38.548000
15.0,LAT,Williams,0 days 00:01:52.917000,17.0,True,HARD,5.0,0 days 00:00:32.024000,0 days 00:00:51.054000,0 days 00:00:29.839000
16.0,LAT,Williams,0 days 00:01:52.421000,17.0,True,HARD,6.0,0 days 00:00:31.672000,0 days 00:00:50.791000,0 days 00:00:29.958000
17.0,LAT,Williams,0 days 00:01:52.471000,17.0,False,HARD,7.0,0 days 00:00:31.461000,0 days 00:00:51.098000,0 days 00:00:29.912000
18.0,LAT,Williams,0 days 00:01:51.592000,17.0,True,HARD,8.0,0 days 00:00:31.061000,0 days 00:00:50.584000,0 days 00:00:29.947000
19.0,LAT,Williams,0 days 00:01:51.417000,16.0,True,HARD,9.0,0 days 00:00:31.456000,0 days 00:00:50.043000,0 days 00:00:29.918000
20.0,LAT,Williams,0 days 00:01:51.622000,16.0,False,HARD,10.0,0 days 00:00:31.726000,0 days 00:00:49.946000,0 days 00:00:29.950000
21.0,LAT,Williams,0 days 00:01:51.540000,16.0,False,HARD,11.0,0 days 00:00:31.968000,0 days 00:00:49.646000,0 days 00:00:29.926000
22.0,LAT,Williams,0 days 00:01:51.044000,16.0,True,HARD,12.0,0 days 00:00:31.867000,0 days 00:00:49.305000,0 days 00:00:29.872000
23.0,LAT,Williams,0 days 00:01:52.160000,17.0,False,HARD,13.0,0 days 00:00:31.941000,0 days 00:00:50.243000,0 days 00:00:29.976000
24.0,LAT,Williams,0 days 00:01:50.908000,17.0,True,HARD,14.0,0 days 00:00:31.857000,0 days 00:00:49.279000,0 days 00:00:29.772000
25.0,LAT,Williams,0 days 00:01:50.904000,16.0,True,HARD,15.0,0 days 00:00:31.937000,0 days 00:00:49.151000,0 days 00:00:29.816000
26.0,LAT,Williams,0 days 00:01:50.664000,16.0,True,HARD,16.0,0 days 00:00:31.855000,0 days 00:00:49.026000,0 days 00:00:29.783000
27.0,LAT,Williams,0 days 00:01:50.734000,15.0,False,HARD,17.0,0 days 00:00:31.905000,0 days 00:00:49.145000,0 days 00:00:29.684000
28.0,LAT,Williams,0 days 00:01:51.499000,16.0,False,HARD,18.0,0 days 00:00:31.800000,0 days 00:00:49.946000,0 days 00:00:29.753000
29.0,LAT,Williams,0 days 00:01:51.143000,16.0,False,HARD,19.0,0 days 00:00:32.127000,0 days 00:00:49.084000,0 days 00:00:29.932000
30.0,LAT,Williams,0 days 00:01:54.687000,17.0,False,HARD,20.0,0 days 00:00:31.998000,0 days 00:00:48.511000,0 days 00:00:34.178000
31.0,LAT,Williams,0 days 00:02:02.753000,17.0,False,MEDIUM,1.0,0 days 00:00:46.519000,0 days 00:00:47.043000,0 days 00:00:29.191000
32.0,LAT,Williams,0 days 00:01:48.048000,17.0,True,MEDIUM,2.0,0 days 00:00:31.726000,0 days 00:00:47.097000,0 days 00:00:29.225000
33.0,LAT,Williams,0 days 00:01:48.746000,17.0,False,MEDIUM,3.0,0 days 00:00:31.774000,0 days 00:00:47.491000,0 days 00:00:29.481000
34.0,LAT,Williams,0 days 00:01:48.540000,17.0,False,MEDIUM,4.0,0 days 00:00:31.758000,0 days 00:00:47.371000,0 days 00:00:29.411000
35.0,LAT,Williams,0 days 00:01:49.008000,17.0,False,MEDIUM,5.0,0 days 00:00:31.849000,0 days 00:00:47.528000,0 days 00:00:29.631000
36.0,LAT,Williams,0 days 00:01:49.067000,16.0,False,MEDIUM,6.0,0 days 00:00:31.851000,0 days 00:00:47.597000,0 days 00:00:29.619000
37.0,LAT,Williams,0 days 00:01:48.834000,16.0,False,MEDIUM,7.0,0 days 00:00:31.889000,0 days 00:00:47.484000,0 days 00:00:29.461000
38.0,LAT,Williams,0 days 00:01:49.204000,16.0,False,MEDIUM,8.0,0 days 00:00:32.069000,0 days 00:00:47.553000,0 days 00:00:29.582000
39.0,LAT,Williams,0 days 00:01:49.470000,16.0,False,MEDIUM,9.0,0 days 00:00:31.939000,0 days 00:00:47.815000,0 days 00:00:29.716000
40.0,LAT,Williams,0 days 00:01:49.715000,16.0,False,MEDIUM,10.0,0 days 00:00:32.018000,0 days 00:00:48.046000,0 days 00:00:29.651000
41.0,LAT,Williams,0 days 00:01:49.336000,16.0,False,MEDIUM,11.0,0 days 00:00:31.898000,0 days 00:00:47.731000,0 days 00:00:29.707000
42.0,LAT,Williams,0 days 00:01:49.091000,16.0,False,MEDIUM,12.0,0 days 00:00:31.723000,0 days 00:00:47.891000,0 days 00:00:29.477000
43.0,LAT,Williams,0 days 00:01:49.795000,16.0,False,MEDIUM,13.0,0 days 00:00:31.656000,0 days 00:00:48.700000,0 days 00:00:29.439000
44.0,LAT,Williams,0 days 00:01:49.795000,16.0,False,MEDIUM,14.0,0 days 00:00:31.665000,0 days 00:00:48.506000,0 days 00:00:29.624000
1.0,RUS,Williams,0 days 00:02:03.524000,18.0,False,MEDIUM,1.0,,0 days 00:00:56.141000,0 days 00:00:30.660000
2.0,RUS,Williams,0 days 00:01:54.314000,17.0,True,MEDIUM,2.0,0 days 00:00:32.126000,0 days 00:00:51.991000,0 days 00:00:30.197000
3.0,RUS,Williams,0 days 00:01:53.217000,17.0,True,MEDIUM,3.0,0 days 00:00:31.686000,0 days 00:00:51.485000,0 days 00:00:30.046000
4.0,RUS,Williams,0 days 00:01:53.034000,17.0,True,MEDIUM,4.0,0 days 00:00:31.681000,0 days 00:00:51.278000,0 days 00:00:30.075000
5.0,RUS,Williams,0 days 00:01:51.754000,16.0,True,MEDIUM,5.0,0 days 00:00:31.260000,0 days 00:00:50.498000,0 days 00:00:29.996000
6.0,RUS,Williams,0 days 00:01:52.541000,16.0,False,MEDIUM,6.0,0 days 00:00:32.010000,0 days 00:00:50.489000,0 days 00:00:30.042000
7.0,RUS,Williams,0 days 00:01:52.724000,16.0,False,MEDIUM,7.0,0 days 00:00:31.909000,0 days 00:00:50.758000,0 days 00:00:30.057000
8.0,RUS,Williams,0 days 00:01:52.565000,16.0,False,MEDIUM,8.0,0 days 00:00:31.781000,0 days 00:00:50.697000,0 days 00:00:30.087000
9.0,RUS,Williams,0 days 00:01:52.105000,16.0,False,MEDIUM,9.0,0 days 00:00:31.805000,0 days 00:00:50.272000,0 days 00:00:30.028000
10.0,RUS,Williams,,,,MEDIUM,10.0,,,
1.0,RAI,Alfa Romeo Racing,0 days 00:02:03.357000,17.0,False,MEDIUM,1.0,,0 days 00:00:55.009000,0 days 00:00:30.240000
2.0,RAI,Alfa Romeo Racing,0 days 00:01:53.992000,16.0,True,MEDIUM,2.0,0 days 00:00:32.264000,0 days 00:00:51.314000,0 days 00:00:30.414000
3.0,RAI,Alfa Romeo Racing,0 days 00:01:52.884000,16.0,True,MEDIUM,3.0,0 days 00:00:31.651000,0 days 00:00:51.190000,0 days 00:00:30.043000
4.0,RAI,Alfa Romeo Racing,0 days 00:01:51.940000,15.0,True,MEDIUM,4.0,0 days 00:00:31.512000,0 days 00:00:50.505000,0 days 00:00:29.923000
5.0,RAI,Alfa Romeo Racing,0 days 00:01:52.223000,15.0,False,MEDIUM,5.0,0 days 00:00:31.613000,0 days 00:00:50.489000,0 days 00:00:30.121000
6.0,RAI,Alfa Romeo Racing,0 days 00:01:52.887000,15.0,False,MEDIUM,6.0,0 days 00:00:31.648000,0 days 00:00:51.074000,0 days 00:00:30.165000
7.0,RAI,Alfa Romeo Racing,0 days 00:01:52.997000,15.0,False,MEDIUM,7.0,0 days 00:00:31.385000,0 days 00:00:51.233000,0 days 00:00:30.379000
8.0,RAI,Alfa Romeo Racing,0 days 00:01:52.207000,15.0,False,MEDIUM,8.0,0 days 00:00:31.662000,0 days 00:00:50.455000,0 days 00:00:30.090000
9.0,RAI,Alfa Romeo Racing,0 days 00:01:51.843000,15.0,True,MEDIUM,9.0,0 days 00:00:31.425000,0 days 00:00:50.400000,0 days 00:00:30.018000
10.0,RAI,Alfa Romeo Racing,0 days 00:02:03.917000,14.0,False,MEDIUM,10.0,0 days 00:00:31.926000,0 days 00:00:50.121000,0 days 00:00:41.870000
11.0,RAI,Alfa Romeo Racing,,13.0,False,HARD,1.0,0 days 00:00:53.068000,0 days 00:01:13.021000,0 days 00:00:34.825000
12.0,RAI,Alfa Romeo Racing,,13.0,False,HARD,2.0,0 days 00:00:39.688000,0 days 00:01:11.059000,0 days 00:00:44.126000
13.0,RAI,Alfa Romeo Racing,,13.0,False,HARD,3.0,0 days 00:00:47.124000,0 days 00:01:21.245000,0 days 00:00:49.865000
14.0,RAI,Alfa Romeo Racing,,13.0,False,HARD,4.0,0 days 00:00:47.631000,0 days 00:01:05.113000,0 days 00:00:40.540000
15.0,RAI,Alfa Romeo Racing,0 days 00:01:52.758000,13.0,False,HARD,5.0,0 days 00:00:31.673000,0 days 00:00:51.314000,0 days 00:00:29.771000
16.0,RAI,Alfa Romeo Racing,0 days 00:01:51.450000,12.0,True,HARD,6.0,0 days 00:00:31.131000,0 days 00:00:50.599000,0 days 00:00:29.720000
17.0,RAI,Alfa Romeo Racing,0 days 00:01:51.731000,12.0,False,HARD,7.0,0 days 00:00:31.782000,0 days 00:00:50.227000,0 days 00:00:29.722000
18.0,RAI,Alfa Romeo Racing,0 days 00:01:51.554000,11.0,False,HARD,8.0,0 days 00:00:31.356000,0 days 00:00:50.462000,0 days 00:00:29.736000
19.0,RAI,Alfa Romeo Racing,0 days 00:01:50.662000,11.0,True,HARD,9.0,0 days 00:00:31.315000,0 days 00:00:49.820000,0 days 00:00:29.527000
20.0,RAI,Alfa Romeo Racing,0 days 00:01:50.501000,11.0,True,HARD,10.0,0 days 00:00:31.282000,0 days 00:00:49.717000,0 days 00:00:29.502000
21.0,RAI,Alfa Romeo Racing,0 days 00:01:50.637000,11.0,False,HARD,11.0,0 days 00:00:31.301000,0 days 00:00:49.721000,0 days 00:00:29.615000
22.0,RAI,Alfa Romeo Racing,0 days 00:01:50.476000,11.0,True,HARD,12.0,0 days 00:00:31.532000,0 days 00:00:49.317000,0 days 00:00:29.627000
23.0,RAI,Alfa Romeo Racing,0 days 00:01:50.215000,11.0,True,HARD,13.0,0 days 00:00:31.400000,0 days 00:00:49.303000,0 days 00:00:29.512000
24.0,RAI,Alfa Romeo Racing,0 days 00:01:50.583000,11.0,False,HARD,14.0,0 days 00:00:31.321000,0 days 00:00:49.646000,0 days 00:00:29.616000
25.0,RAI,Alfa Romeo Racing,0 days 00:01:50.198000,11.0,True,HARD,15.0,0 days 00:00:31.300000,0 days 00:00:49.169000,0 days 00:00:29.729000
26.0,RAI,Alfa Romeo Racing,0 days 00:01:50.181000,11.0,True,HARD,16.0,0 days 00:00:31.267000,0 days 00:00:49.218000,0 days 00:00:29.696000
27.0,RAI,Alfa Romeo Racing,0 days 00:01:49.897000,10.0,True,HARD,17.0,0 days 00:00:31.421000,0 days 00:00:48.923000,0 days 00:00:29.553000
28.0,RAI,Alfa Romeo Racing,0 days 00:01:49.822000,10.0,True,HARD,18.0,0 days 00:00:31.334000,0 days 00:00:48.903000,0 days 00:00:29.585000
29.0,RAI,Alfa Romeo Racing,0 days 00:01:50.117000,10.0,False,HARD,19.0,0 days 00:00:31.674000,0 days 00:00:48.869000,0 days 00:00:29.574000
30.0,RAI,Alfa Romeo Racing,0 days 00:01:49.890000,10.0,False,HARD,20.0,0 days 00:00:31.659000,0 days 00:00:48.561000,0 days 00:00:29.670000
31.0,RAI,Alfa Romeo Racing,0 days 00:01:50.018000,10.0,False,HARD,21.0,0 days 00:00:31.657000,0 days 00:00:48.763000,0 days 00:00:29.598000
32.0,RAI,Alfa Romeo Racing,0 days 00:01:50.526000,10.0,False,HARD,22.0,0 days 00:00:31.613000,0 days 00:00:48.818000,0 days 00:00:30.095000
33.0,RAI,Alfa Romeo Racing,0 days 00:01:51.548000,11.0,False,HARD,23.0,0 days 00:00:31.926000,0 days 00:00:49.818000,0 days 00:00:29.804000
34.0,RAI,Alfa Romeo Racing,0 days 00:01:51.710000,12.0,False,HARD,24.0,0 days 00:00:31.598000,0 days 00:00:50.274000,0 days 00:00:29.838000
35.0,RAI,Alfa Romeo Racing,0 days 00:01:50.508000,12.0,False,HARD,25.0,0 days 00:00:31.857000,0 days 00:00:48.877000,0 days 00:00:29.774000
36.0,RAI,Alfa Romeo Racing,0 days 00:01:50.645000,12.0,False,HARD,26.0,0 days 00:00:31.731000,0 days 00:00:48.815000,0 days 00:00:30.099000
37.0,RAI,Alfa Romeo Racing,0 days 00:01:51.345000,12.0,False,HARD,27.0,0 days 00:00:31.910000,0 days 00:00:49.655000,0 days 00:00:29.780000
38.0,RAI,Alfa Romeo Racing,0 days 00:01:50.382000,12.0,False,HARD,28.0,0 days 00:00:31.897000,0 days 00:00:48.763000,0 days 00:00:29.722000
39.0,RAI,Alfa Romeo Racing,0 days 00:01:51.470000,12.0,False,HARD,29.0,0 days 00:00:32.001000,0 days 00:00:49.116000,0 days 00:00:30.353000
40.0,RAI,Alfa Romeo Racing,0 days 00:01:50.695000,12.0,False,HARD,30.0,0 days 00:00:31.955000,0 days 00:00:48.796000,0 days 00:00:29.944000
41.0,RAI,Alfa Romeo Racing,0 days 00:01:50.520000,12.0,False,HARD,31.0,0 days 00:00:31.824000,0 days 00:00:48.900000,0 days 00:00:29.796000
42.0,RAI,Alfa Romeo Racing,0 days 00:01:51.319000,12.0,False,HARD,32.0,0 days 00:00:31.913000,0 days 00:00:49.584000,0 days 00:00:29.822000
43.0,RAI,Alfa Romeo Racing,0 days 00:01:51.418000,12.0,False,HARD,33.0,0 days 00:00:31.616000,0 days 00:00:49.882000,0 days 00:00:29.920000
44.0,RAI,Alfa Romeo Racing,0 days 00:01:51.937000,12.0,False,HARD,34.0,0 days 00:00:31.675000,0 days 00:00:50.111000,0 days 00:00:30.151000
1.0,BOT,Mercedes,0 days 00:01:53.738000,3.0,False,MEDIUM,4.0,,0 days 00:00:49.379000,0 days 00:00:29.837000
2.0,BOT,Mercedes,0 days 00:01:50.116000,2.0,True,MEDIUM,5.0,0 days 00:00:31.868000,0 days 00:00:48.626000,0 days 00:00:29.622000
3.0,BOT,Mercedes,0 days 00:01:50.243000,2.0,False,MEDIUM,6.0,0 days 00:00:31.745000,0 days 00:00:48.730000,0 days 00:00:29.768000
4.0,BOT,Mercedes,0 days 00:01:49.937000,2.0,True,MEDIUM,7.0,0 days 00:00:31.691000,0 days 00:00:48.665000,0 days 00:00:29.581000
5.0,BOT,Mercedes,0 days 00:01:50.001000,2.0,False,MEDIUM,8.0,0 days 00:00:31.650000,0 days 00:00:48.753000,0 days 00:00:29.598000
6.0,BOT,Mercedes,0 days 00:01:50.225000,2.0,False,MEDIUM,9.0,0 days 00:00:31.774000,0 days 00:00:48.839000,0 days 00:00:29.612000
7.0,BOT,Mercedes,0 days 00:01:49.920000,2.0,True,MEDIUM,10.0,0 days 00:00:31.717000,0 days 00:00:48.640000,0 days 00:00:29.563000
8.0,BOT,Mercedes,0 days 00:01:49.897000,2.0,True,MEDIUM,11.0,0 days 00:00:31.771000,0 days 00:00:48.498000,0 days 00:00:29.628000
9.0,BOT,Mercedes,0 days 00:01:49.820000,2.0,True,MEDIUM,12.0,0 days 00:00:31.725000,0 days 00:00:48.645000,0 days 00:00:29.450000
10.0,BOT,Mercedes,0 days 00:01:50.305000,2.0,False,MEDIUM,13.0,0 days 00:00:31.747000,0 days 00:00:48.632000,0 days 00:00:29.926000
11.0,BOT,Mercedes,,2.0,False,MEDIUM,14.0,0 days 00:00:43.429000,0 days 00:01:15.615000,0 days 00:00:37.180000
12.0,BOT,Mercedes,,2.0,False,HARD,1.0,0 days 00:00:54.917000,0 days 00:01:25.611000,0 days 00:00:44.168000
13.0,BOT,Mercedes,,2.0,False,HARD,2.0,0 days 00:00:45.086000,0 days 00:01:25.422000,0 days 00:00:49.484000
14.0,BOT,Mercedes,,2.0,False,HARD,3.0,0 days 00:00:43.426000,0 days 00:01:14.688000,0 days 00:00:47.221000
15.0,BOT,Mercedes,0 days 00:01:48.824000,2.0,True,HARD,4.0,0 days 00:00:31.325000,0 days 00:00:48.127000,0 days 00:00:29.372000
16.0,BOT,Mercedes,0 days 00:01:48.156000,2.0,True,HARD,5.0,0 days 00:00:31.551000,0 days 00:00:47.390000,0 days 00:00:29.215000
17.0,BOT,Mercedes,0 days 00:01:48.481000,2.0,False,HARD,6.0,0 days 00:00:31.403000,0 days 00:00:47.642000,0 days 00:00:29.436000
18.0,BOT,Mercedes,0 days 00:01:49.142000,2.0,False,HARD,7.0,0 days 00:00:31.742000,0 days 00:00:47.779000,0 days 00:00:29.621000
19.0,BOT,Mercedes,0 days 00:01:48.752000,2.0,False,HARD,8.0,0 days 00:00:31.691000,0 days 00:00:47.565000,0 days 00:00:29.496000
20.0,BOT,Mercedes,0 days 00:01:48.731000,2.0,False,HARD,9.0,0 days 00:00:31.702000,0 days 00:00:47.549000,0 days 00:00:29.480000
21.0,BOT,Mercedes,0 days 00:01:48.850000,2.0,False,HARD,10.0,0 days 00:00:31.670000,0 days 00:00:47.623000,0 days 00:00:29.557000
22.0,BOT,Mercedes,0 days 00:01:48.719000,2.0,False,HARD,11.0,0 days 00:00:31.674000,0 days 00:00:47.469000,0 days 00:00:29.576000
23.0,BOT,Mercedes,0 days 00:01:48.538000,2.0,False,HARD,12.0,0 days 00:00:31.664000,0 days 00:00:47.399000,0 days 00:00:29.475000
24.0,BOT,Mercedes,0 days 00:01:48.937000,2.0,False,HARD,13.0,0 days 00:00:31.776000,0 days 00:00:47.535000,0 days 00:00:29.626000
25.0,BOT,Mercedes,0 days 00:01:48.407000,2.0,False,HARD,14.0,0 days 00:00:31.574000,0 days 00:00:47.417000,0 days 00:00:29.416000
26.0,BOT,Mercedes,0 days 00:01:48.082000,2.0,True,HARD,15.0,0 days 00:00:31.423000,0 days 00:00:47.143000,0 days 00:00:29.516000
27.0,BOT,Mercedes,0 days 00:01:47.983000,2.0,True,HARD,16.0,0 days 00:00:31.462000,0 days 00:00:47.248000,0 days 00:00:29.273000
28.0,BOT,Mercedes,0 days 00:01:48.332000,2.0,False,HARD,17.0,0 days 00:00:31.419000,0 days 00:00:47.210000,0 days 00:00:29.703000
29.0,BOT,Mercedes,0 days 00:01:48.129000,2.0,False,HARD,18.0,0 days 00:00:31.564000,0 days 00:00:47.294000,0 days 00:00:29.271000
30.0,BOT,Mercedes,0 days 00:01:48.145000,2.0,False,HARD,19.0,0 days 00:00:31.555000,0 days 00:00:47.259000,0 days 00:00:29.331000
31.0,BOT,Mercedes,0 days 00:01:48.595000,2.0,False,HARD,20.0,0 days 00:00:31.603000,0 days 00:00:47.464000,0 days 00:00:29.528000
32.0,BOT,Mercedes,0 days 00:01:48.504000,2.0,False,HARD,21.0,0 days 00:00:31.703000,0 days 00:00:47.405000,0 days 00:00:29.396000
33.0,BOT,Mercedes,0 days 00:01:48.457000,2.0,False,HARD,22.0,0 days 00:00:31.752000,0 days 00:00:47.331000,0 days 00:00:29.374000
34.0,BOT,Mercedes,0 days 00:01:48.664000,2.0,False,HARD,23.0,0 days 00:00:31.742000,0 days 00:00:47.523000,0 days 00:00:29.399000
35.0,BOT,Mercedes,0 days 00:01:48.687000,2.0,False,HARD,24.0,0 days 00:00:31.713000,0 days 00:00:47.512000,0 days 00:00:29.462000
36.0,BOT,Mercedes,0 days 00:01:48.753000,2.0,False,HARD,25.0,0 days 00:00:31.693000,0 days 00:00:47.529000,0 days 00:00:29.531000
37.0,BOT,Mercedes,0 days 00:01:48.894000,2.0,False,HARD,26.0,0 days 00:00:31.712000,0 days 00:00:47.575000,0 days 00:00:29.607000
38.0,BOT,Mercedes,0 days 00:01:48.964000,2.0,False,HARD,27.0,0 days 00:00:31.703000,0 days 00:00:47.697000,0 days 00:00:29.564000
39.0,BOT,Mercedes,0 days 00:01:49.051000,2.0,False,HARD,28.0,0 days 00:00:31.742000,0 days 00:00:47.651000,0 days 00:00:29.658000
40.0,BOT,Mercedes,0 days 00:01:49.793000,2.0,False,HARD,29.0,0 days 00:00:31.953000,0 days 00:00:48.076000,0 days 00:00:29.764000
41.0,BOT,Mercedes,0 days 00:01:49.881000,2.0,False,HARD,30.0,0 days 00:00:31.917000,0 days 00:00:48.350000,0 days 00:00:29.614000
42.0,BOT,Mercedes,0 days 00:01:49.801000,2.0,False,HARD,31.0,0 days 00:00:31.791000,0 days 00:00:48.157000,0 days 00:00:29.853000
43.0,BOT,Mercedes,0 days 00:01:51.094000,2.0,False,HARD,32.0,0 days 00:00:32.151000,0 days 00:00:48.991000,0 days 00:00:29.952000
44.0,BOT,Mercedes,0 days 00:01:51.414000,2.0,False,HARD,33.0,0 days 00:00:32.412000,0 days 00:00:48.841000,0 days 00:00:30.161000
1.0,GRO,Haas F1 Team,0 days 00:02:03.895000,19.0,False,MEDIUM,1.0,,0 days 00:00:55.626000,0 days 00:00:30.373000
2.0,GRO,Haas F1 Team,0 days 00:01:54.568000,18.0,True,MEDIUM,2.0,0 days 00:00:31.915000,0 days 00:00:52.508000,0 days 00:00:30.145000
3.0,GRO,Haas F1 Team,0 days 00:01:53.520000,18.0,True,MEDIUM,3.0,0 days 00:00:31.417000,0 days 00:00:51.842000,0 days 00:00:30.261000
4.0,GRO,Haas F1 Team,0 days 00:01:53.055000,18.0,True,MEDIUM,4.0,0 days 00:00:31.500000,0 days 00:00:51.406000,0 days 00:00:30.149000
5.0,GRO,Haas F1 Team,0 days 00:01:53.040000,18.0,True,MEDIUM,5.0,0 days 00:00:31.464000,0 days 00:00:51.402000,0 days 00:00:30.174000
6.0,GRO,Haas F1 Team,0 days 00:01:51.859000,17.0,True,MEDIUM,6.0,0 days 00:00:31.350000,0 days 00:00:50.508000,0 days 00:00:30.001000
7.0,GRO,Haas F1 Team,0 days 00:01:52.380000,17.0,False,MEDIUM,7.0,0 days 00:00:31.779000,0 days 00:00:50.608000,0 days 00:00:29.993000
8.0,GRO,Haas F1 Team,0 days 00:01:52.455000,17.0,False,MEDIUM,8.0,0 days 00:00:31.824000,0 days 00:00:50.507000,0 days 00:00:30.124000
9.0,GRO,Haas F1 Team,0 days 00:01:52.333000,17.0,False,MEDIUM,9.0,0 days 00:00:31.697000,0 days 00:00:50.566000,0 days 00:00:30.070000
10.0,GRO,Haas F1 Team,0 days 00:02:06.920000,15.0,False,MEDIUM,10.0,0 days 00:00:31.995000,0 days 00:00:52.473000,0 days 00:00:42.452000
11.0,GRO,Haas F1 Team,,15.0,False,HARD,1.0,0 days 00:00:54.928000,0 days 00:01:12.535000,0 days 00:00:35.635000
12.0,GRO,Haas F1 Team,,15.0,False,HARD,2.0,0 days 00:00:34.779000,0 days 00:01:13.963000,0 days 00:00:43.754000
13.0,GRO,Haas F1 Team,,15.0,False,HARD,3.0,0 days 00:00:45.363000,0 days 00:01:23.509000,0 days 00:00:48.777000
14.0,GRO,Haas F1 Team,0 days 00:02:29.242000,15.0,False,HARD,4.0,0 days 00:00:45.811000,0 days 00:01:04.127000,0 days 00:00:39.304000
15.0,GRO,Haas F1 Team,0 days 00:01:52.823000,15.0,False,HARD,5.0,0 days 00:00:31.568000,0 days 00:00:51.334000,0 days 00:00:29.921000
16.0,GRO,Haas F1 Team,0 days 00:01:51.980000,15.0,False,HARD,6.0,0 days 00:00:31.507000,0 days 00:00:50.827000,0 days 00:00:29.646000
17.0,GRO,Haas F1 Team,0 days 00:01:52.230000,15.0,False,HARD,7.0,0 days 00:00:31.407000,0 days 00:00:51.010000,0 days 00:00:29.813000
18.0,GRO,Haas F1 Team,0 days 00:01:51.487000,15.0,True,HARD,8.0,0 days 00:00:31.155000,0 days 00:00:50.405000,0 days 00:00:29.927000
19.0,GRO,Haas F1 Team,0 days 00:01:51.261000,14.0,True,HARD,9.0,0 days 00:00:31.297000,0 days 00:00:50.286000,0 days 00:00:29.678000
20.0,GRO,Haas F1 Team,0 days 00:01:51.093000,14.0,True,HARD,10.0,0 days 00:00:31.291000,0 days 00:00:50.040000,0 days 00:00:29.762000
21.0,GRO,Haas F1 Team,0 days 00:01:50.952000,14.0,True,HARD,11.0,0 days 00:00:31.652000,0 days 00:00:49.487000,0 days 00:00:29.813000
22.0,GRO,Haas F1 Team,0 days 00:01:50.606000,14.0,True,HARD,12.0,0 days 00:00:31.570000,0 days 00:00:49.271000,0 days 00:00:29.765000
23.0,GRO,Haas F1 Team,0 days 00:01:50.466000,14.0,True,HARD,13.0,0 days 00:00:31.691000,0 days 00:00:49.092000,0 days 00:00:29.683000
24.0,GRO,Haas F1 Team,0 days 00:01:51.163000,13.0,False,HARD,14.0,0 days 00:00:31.684000,0 days 00:00:49.724000,0 days 00:00:29.755000
25.0,GRO,Haas F1 Team,0 days 00:01:50.618000,13.0,False,HARD,15.0,0 days 00:00:31.848000,0 days 00:00:49.075000,0 days 00:00:29.695000
26.0,GRO,Haas F1 Team,0 days 00:01:51.326000,14.0,False,HARD,16.0,0 days 00:00:31.752000,0 days 00:00:49.878000,0 days 00:00:29.696000
27.0,GRO,Haas F1 Team,0 days 00:01:50.445000,13.0,True,HARD,17.0,0 days 00:00:31.849000,0 days 00:00:48.861000,0 days 00:00:29.735000
28.0,GRO,Haas F1 Team,0 days 00:01:50.018000,13.0,True,HARD,18.0,0 days 00:00:31.887000,0 days 00:00:48.307000,0 days 00:00:29.824000
29.0,GRO,Haas F1 Team,0 days 00:01:50.336000,13.0,False,HARD,19.0,0 days 00:00:31.912000,0 days 00:00:48.649000,0 days 00:00:29.775000
30.0,GRO,Haas F1 Team,0 days 00:01:51.386000,14.0,False,HARD,20.0,0 days 00:00:31.852000,0 days 00:00:49.763000,0 days 00:00:29.771000
31.0,GRO,Haas F1 Team,0 days 00:01:50.243000,14.0,False,HARD,21.0,0 days 00:00:31.924000,0 days 00:00:48.583000,0 days 00:00:29.736000
32.0,GRO,Haas F1 Team,0 days 00:01:50.181000,14.0,False,HARD,22.0,0 days 00:00:31.933000,0 days 00:00:48.452000,0 days 00:00:29.796000
33.0,GRO,Haas F1 Team,0 days 00:01:50.584000,14.0,False,HARD,23.0,0 days 00:00:31.829000,0 days 00:00:48.946000,0 days 00:00:29.809000
34.0,GRO,Haas F1 Team,0 days 00:01:50.405000,14.0,False,HARD,24.0,0 days 00:00:31.928000,0 days 00:00:48.713000,0 days 00:00:29.764000
35.0,GRO,Haas F1 Team,0 days 00:01:50.416000,14.0,False,HARD,25.0,0 days 00:00:31.758000,0 days 00:00:48.847000,0 days 00:00:29.811000
36.0,GRO,Haas F1 Team,0 days 00:01:50.636000,14.0,False,HARD,26.0,0 days 00:00:31.871000,0 days 00:00:48.853000,0 days 00:00:29.912000
37.0,GRO,Haas F1 Team,0 days 00:01:51.147000,14.0,False,HARD,27.0,0 days 00:00:32.184000,0 days 00:00:49.109000,0 days 00:00:29.854000
38.0,GRO,Haas F1 Team,0 days 00:01:50.371000,14.0,False,HARD,28.0,0 days 00:00:31.845000,0 days 00:00:48.802000,0 days 00:00:29.724000
39.0,GRO,Haas F1 Team,0 days 00:01:50.915000,14.0,False,HARD,29.0,0 days 00:00:31.929000,0 days 00:00:49.283000,0 days 00:00:29.703000
40.0,GRO,Haas F1 Team,0 days 00:01:50.871000,14.0,False,HARD,30.0,0 days 00:00:32.002000,0 days 00:00:49.142000,0 days 00:00:29.727000
41.0,GRO,Haas F1 Team,0 days 00:01:50.836000,14.0,False,HARD,31.0,0 days 00:00:31.916000,0 days 00:00:49.188000,0 days 00:00:29.732000
42.0,GRO,Haas F1 Team,0 days 00:01:50.736000,14.0,False,HARD,32.0,0 days 00:00:31.911000,0 days 00:00:49.125000,0 days 00:00:29.700000
43.0,GRO,Haas F1 Team,0 days 00:01:51.061000,14.0,False,HARD,33.0,0 days 00:00:31.916000,0 days 00:00:49.412000,0 days 00:00:29.733000
44.0,GRO,Haas F1 Team,0 days 00:01:52.452000,15.0,False,HARD,34.0,0 days 00:00:32.047000,0 days 00:00:50.622000,0 days 00:00:29.783000
1.0,GIO,Alfa Romeo Racing,0 days 00:02:02.147000,15.0,False,MEDIUM,1.0,,0 days 00:00:54.652000,0 days 00:00:30.209000
2.0,GIO,Alfa Romeo Racing,0 days 00:01:54.022000,14.0,True,MEDIUM,2.0,0 days 00:00:31.908000,0 days 00:00:51.916000,0 days 00:00:30.198000
3.0,GIO,Alfa Romeo Racing,0 days 00:01:52.768000,14.0,True,MEDIUM,3.0,0 days 00:00:31.567000,0 days 00:00:51.167000,0 days 00:00:30.034000
4.0,GIO,Alfa Romeo Racing,0 days 00:01:52.378000,14.0,True,MEDIUM,4.0,0 days 00:00:31.563000,0 days 00:00:50.873000,0 days 00:00:29.942000
5.0,GIO,Alfa Romeo Racing,0 days 00:01:52.614000,14.0,False,MEDIUM,5.0,0 days 00:00:31.605000,0 days 00:00:50.887000,0 days 00:00:30.122000
6.0,GIO,Alfa Romeo Racing,0 days 00:01:52.791000,14.0,False,MEDIUM,6.0,0 days 00:00:31.465000,0 days 00:00:51.155000,0 days 00:00:30.171000
7.0,GIO,Alfa Romeo Racing,0 days 00:01:52.711000,14.0,False,MEDIUM,7.0,0 days 00:00:31.499000,0 days 00:00:51.137000,0 days 00:00:30.075000
8.0,GIO,Alfa Romeo Racing,0 days 00:01:52.328000,14.0,True,MEDIUM,8.0,0 days 00:00:31.819000,0 days 00:00:50.457000,0 days 00:00:30.052000
9.0,GIO,Alfa Romeo Racing,0 days 00:01:51.793000,14.0,True,MEDIUM,9.0,0 days 00:00:31.801000,0 days 00:00:50.089000,0 days 00:00:29.903000
10.0,GIO,Alfa Romeo Racing,,,,MEDIUM,10.0,,,
